Blender 4.4.3 (hash 802179c51ccc built 2025-04-29 15:39:58)
Read blend: "D:\projects\njin\src\games\sandtable\assets\characters\clay_people\generated\reference.blend"
Fra:1 Mem:15.88M (Peak 15.88M) | Time:00:00.00 | Mem:0.00M, Peak:0.00M | Scene, ViewLayer | Synchronizing object | STUDIO_Ground
Fra:1 Mem:15.88M (Peak 15.88M) | Time:00:00.00 | Mem:0.00M, Peak:0.00M | Scene, ViewLayer | Synchronizing object | reference
Fra:1 Mem:15.92M (Peak 15.92M) | Time:00:00.00 | Mem:0.00M, Peak:0.00M | Scene, ViewLayer | Initializing
Fra:1 Mem:14.75M (Peak 15.92M) | Time:00:00.00 | Mem:0.00M, Peak:0.00M | Scene, ViewLayer | Waiting for render to start
Fra:1 Mem:14.75M (Peak 15.92M) | Time:00:00.00 | Mem:0.00M, Peak:0.00M | Scene, ViewLayer | Loading render kernels (may take a few minutes the first time)
Fra:1 Mem:14.75M (Peak 15.92M) | Time:00:00.00 | Mem:0.00M, Peak:0.00M | Scene, ViewLayer | Updating Scene
Fra:1 Mem:14.75M (Peak 15.92M) | Time:00:00.00 | Mem:0.00M, Peak:0.00M | Scene, ViewLayer | Updating Shaders
Fra:1 Mem:14.84M (Peak 15.92M) | Time:00:00.00 | Mem:0.01M, Peak:0.01M | Scene, ViewLayer | Updating Procedurals
Fra:1 Mem:14.84M (Peak 15.92M) | Time:00:00.00 | Mem:0.01M, Peak:0.01M | Scene, ViewLayer | Updating Background
Fra:1 Mem:14.84M (Peak 15.92M) | Time:00:00.00 | Mem:0.01M, Peak:0.01M | Scene, ViewLayer | Updating Camera
Fra:1 Mem:14.84M (Peak 15.92M) | Time:00:00.00 | Mem:0.01M, Peak:0.01M | Scene, ViewLayer | Updating Meshes Flags
Fra:1 Mem:14.84M (Peak 15.92M) | Time:00:00.00 | Mem:0.01M, Peak:0.01M | Scene, ViewLayer | Updating Objects
Fra:1 Mem:14.84M (Peak 15.92M) | Time:00:00.00 | Mem:0.01M, Peak:0.01M | Scene, ViewLayer | Updating Objects | Copying Transformations to device
Fra:1 Mem:14.84M (Peak 15.92M) | Time:00:00.00 | Mem:0.01M, Peak:0.01M | Scene, ViewLayer | Updating Objects | Applying Static Transformations
Fra:1 Mem:14.84M (Peak 15.92M) | Time:00:00.00 | Mem:0.01M, Peak:0.01M | Scene, ViewLayer | Updating Particle Systems
Fra:1 Mem:14.84M (Peak 15.92M) | Time:00:00.00 | Mem:0.01M, Peak:0.01M | Scene, ViewLayer | Updating Particle Systems | Copying Particles to device
Fra:1 Mem:14.84M (Peak 15.92M) | Time:00:00.00 | Mem:0.01M, Peak:0.01M | Scene, ViewLayer | Updating Meshes
Fra:1 Mem:14.85M (Peak 15.92M) | Time:00:00.00 | Mem:0.01M, Peak:0.01M | Scene, ViewLayer | Updating Mesh | Computing attributes
Fra:1 Mem:14.85M (Peak 15.92M) | Time:00:00.00 | Mem:0.01M, Peak:0.01M | Scene, ViewLayer | Updating Mesh | Copying Attributes to device
Fra:1 Mem:14.85M (Peak 15.92M) | Time:00:00.00 | Mem:0.02M, Peak:0.02M | Scene, ViewLayer | Updating Scene BVH | Building
Fra:1 Mem:14.85M (Peak 15.92M) | Time:00:00.00 | Mem:0.02M, Peak:0.02M | Scene, ViewLayer | Updating Scene BVH | Building BVH
Fra:1 Mem:14.85M (Peak 15.92M) | Time:00:00.00 | Mem:0.03M, Peak:0.03M | Scene, ViewLayer | Updating Scene BVH | Building BVH 0%
Fra:1 Mem:14.85M (Peak 15.92M) | Time:00:00.00 | Mem:0.05M, Peak:0.07M | Scene, ViewLayer | Updating Scene BVH | Copying BVH to device
Fra:1 Mem:14.85M (Peak 15.92M) | Time:00:00.00 | Mem:0.05M, Peak:0.07M | Scene, ViewLayer | Updating Mesh | Computing normals
Fra:1 Mem:14.87M (Peak 15.92M) | Time:00:00.00 | Mem:0.05M, Peak:0.07M | Scene, ViewLayer | Updating Mesh | Copying Mesh to device
Fra:1 Mem:14.87M (Peak 15.92M) | Time:00:00.00 | Mem:0.07M, Peak:0.07M | Scene, ViewLayer | Updating Objects Flags
Fra:1 Mem:14.87M (Peak 15.92M) | Time:00:00.00 | Mem:0.07M, Peak:0.07M | Scene, ViewLayer | Updating Primitive Offsets
Fra:1 Mem:14.87M (Peak 15.92M) | Time:00:00.00 | Mem:0.07M, Peak:0.07M | Scene, ViewLayer | Updating Images
Fra:1 Mem:14.87M (Peak 15.92M) | Time:00:00.00 | Mem:0.07M, Peak:0.07M | Scene, ViewLayer | Updating Camera Volume
Fra:1 Mem:14.87M (Peak 15.92M) | Time:00:00.00 | Mem:0.07M, Peak:0.07M | Scene, ViewLayer | Updating Lookup Tables
Fra:1 Mem:14.87M (Peak 15.92M) | Time:00:00.00 | Mem:0.15M, Peak:0.15M | Scene, ViewLayer | Updating Lights
Fra:1 Mem:14.87M (Peak 15.92M) | Time:00:00.00 | Mem:0.15M, Peak:0.15M | Scene, ViewLayer | Updating Lights | Computing tree
Fra:1 Mem:14.87M (Peak 15.92M) | Time:00:00.00 | Mem:0.15M, Peak:0.15M | Scene, ViewLayer | Updating Integrator
Fra:1 Mem:14.87M (Peak 15.92M) | Time:00:00.00 | Mem:0.15M, Peak:0.15M | Scene, ViewLayer | Updating Film
Fra:1 Mem:14.88M (Peak 15.92M) | Time:00:00.00 | Mem:0.07M, Peak:0.15M | Scene, ViewLayer | Updating Lookup Tables
Fra:1 Mem:14.88M (Peak 15.92M) | Time:00:00.00 | Mem:0.16M, Peak:0.16M | Scene, ViewLayer | Updating Baking
Fra:1 Mem:14.88M (Peak 15.92M) | Time:00:00.00 | Mem:0.16M, Peak:0.16M | Scene, ViewLayer | Updating Device | Writing constant memory
Fra:1 Mem:14.88M (Peak 15.92M) | Time:00:00.00 | Mem:0.16M, Peak:0.16M | Scene, ViewLayer | Loading denoising kernels (may take a few minutes the first time)
Fra:1 Mem:14.88M (Peak 15.92M) | Time:00:00.00 | Mem:0.16M, Peak:0.16M | Scene, ViewLayer | Sample 0/8
Fra:1 Mem:31.77M (Peak 31.77M) | Time:00:00.09 | Remaining:00:00.57 | Mem:16.86M, Peak:16.86M | Scene, ViewLayer | Sample 1/8
Fra:1 Mem:38.80M (Peak 49.35M) | Time:00:01.35 | Mem:16.86M, Peak:16.86M | Scene, ViewLayer | Sample 8/8
Fra:1 Mem:38.80M (Peak 49.35M) | Time:00:01.35 | Mem:16.86M, Peak:16.86M | Scene, ViewLayer | Finished
Saved: 'D:\projects\njin\src\games\sandtable\assets\characters\clay_people\generated\walk_frames\000.png'
Time: 00:01.51 (Saving: 00:00.15)

Fra:2 Mem:15.88M (Peak 15.88M) | Time:00:00.00 | Mem:0.00M, Peak:0.00M | Scene, ViewLayer | Synchronizing object | STUDIO_Ground
Fra:2 Mem:15.88M (Peak 15.88M) | Time:00:00.00 | Mem:0.00M, Peak:0.00M | Scene, ViewLayer | Synchronizing object | reference
Fra:2 Mem:15.92M (Peak 15.92M) | Time:00:00.00 | Mem:0.00M, Peak:0.00M | Scene, ViewLayer | Initializing
Fra:2 Mem:14.75M (Peak 15.92M) | Time:00:00.00 | Mem:0.00M, Peak:0.00M | Scene, ViewLayer | Waiting for render to start
Fra:2 Mem:14.75M (Peak 15.92M) | Time:00:00.00 | Mem:0.00M, Peak:0.00M | Scene, ViewLayer | Loading render kernels (may take a few minutes the first time)
Fra:2 Mem:14.75M (Peak 15.92M) | Time:00:00.00 | Mem:0.00M, Peak:0.00M | Scene, ViewLayer | Updating Scene
Fra:2 Mem:14.75M (Peak 15.92M) | Time:00:00.00 | Mem:0.00M, Peak:0.00M | Scene, ViewLayer | Updating Shaders
Fra:2 Mem:14.84M (Peak 15.92M) | Time:00:00.00 | Mem:0.01M, Peak:0.01M | Scene, ViewLayer | Updating Procedurals
Fra:2 Mem:14.84M (Peak 15.92M) | Time:00:00.00 | Mem:0.01M, Peak:0.01M | Scene, ViewLayer | Updating Background
Fra:2 Mem:14.84M (Peak 15.92M) | Time:00:00.00 | Mem:0.01M, Peak:0.01M | Scene, ViewLayer | Updating Camera
Fra:2 Mem:14.84M (Peak 15.92M) | Time:00:00.00 | Mem:0.01M, Peak:0.01M | Scene, ViewLayer | Updating Meshes Flags
Fra:2 Mem:14.84M (Peak 15.92M) | Time:00:00.00 | Mem:0.01M, Peak:0.01M | Scene, ViewLayer | Updating Objects
Fra:2 Mem:14.84M (Peak 15.92M) | Time:00:00.00 | Mem:0.01M, Peak:0.01M | Scene, ViewLayer | Updating Objects | Copying Transformations to device
Fra:2 Mem:14.84M (Peak 15.92M) | Time:00:00.00 | Mem:0.01M, Peak:0.01M | Scene, ViewLayer | Updating Objects | Applying Static Transformations
Fra:2 Mem:14.84M (Peak 15.92M) | Time:00:00.00 | Mem:0.01M, Peak:0.01M | Scene, ViewLayer | Updating Particle Systems
Fra:2 Mem:14.84M (Peak 15.92M) | Time:00:00.00 | Mem:0.01M, Peak:0.01M | Scene, ViewLayer | Updating Particle Systems | Copying Particles to device
Fra:2 Mem:14.84M (Peak 15.92M) | Time:00:00.00 | Mem:0.01M, Peak:0.01M | Scene, ViewLayer | Updating Meshes
Fra:2 Mem:14.85M (Peak 15.92M) | Time:00:00.00 | Mem:0.01M, Peak:0.01M | Scene, ViewLayer | Updating Mesh | Computing attributes
Fra:2 Mem:14.85M (Peak 15.92M) | Time:00:00.00 | Mem:0.01M, Peak:0.01M | Scene, ViewLayer | Updating Mesh | Copying Attributes to device
Fra:2 Mem:14.85M (Peak 15.92M) | Time:00:00.00 | Mem:0.02M, Peak:0.02M | Scene, ViewLayer | Updating Scene BVH | Building
Fra:2 Mem:14.85M (Peak 15.92M) | Time:00:00.00 | Mem:0.02M, Peak:0.02M | Scene, ViewLayer | Updating Scene BVH | Building BVH
Fra:2 Mem:14.85M (Peak 15.92M) | Time:00:00.00 | Mem:0.03M, Peak:0.03M | Scene, ViewLayer | Updating Scene BVH | Building BVH 0%
Fra:2 Mem:14.85M (Peak 15.92M) | Time:00:00.00 | Mem:0.05M, Peak:0.07M | Scene, ViewLayer | Updating Scene BVH | Copying BVH to device
Fra:2 Mem:14.85M (Peak 15.92M) | Time:00:00.00 | Mem:0.05M, Peak:0.07M | Scene, ViewLayer | Updating Mesh | Computing normals
Fra:2 Mem:14.87M (Peak 15.92M) | Time:00:00.00 | Mem:0.05M, Peak:0.07M | Scene, ViewLayer | Updating Mesh | Copying Mesh to device
Fra:2 Mem:14.87M (Peak 15.92M) | Time:00:00.00 | Mem:0.07M, Peak:0.07M | Scene, ViewLayer | Updating Objects Flags
Fra:2 Mem:14.87M (Peak 15.92M) | Time:00:00.00 | Mem:0.07M, Peak:0.07M | Scene, ViewLayer | Updating Primitive Offsets
Fra:2 Mem:14.87M (Peak 15.92M) | Time:00:00.00 | Mem:0.07M, Peak:0.07M | Scene, ViewLayer | Updating Images
Fra:2 Mem:14.87M (Peak 15.92M) | Time:00:00.00 | Mem:0.07M, Peak:0.07M | Scene, ViewLayer | Updating Camera Volume
Fra:2 Mem:14.87M (Peak 15.92M) | Time:00:00.00 | Mem:0.07M, Peak:0.07M | Scene, ViewLayer | Updating Lookup Tables
Fra:2 Mem:14.87M (Peak 15.92M) | Time:00:00.00 | Mem:0.15M, Peak:0.15M | Scene, ViewLayer | Updating Lights
Fra:2 Mem:14.87M (Peak 15.92M) | Time:00:00.00 | Mem:0.15M, Peak:0.15M | Scene, ViewLayer | Updating Lights | Computing tree
Fra:2 Mem:14.87M (Peak 15.92M) | Time:00:00.00 | Mem:0.15M, Peak:0.15M | Scene, ViewLayer | Updating Integrator
Fra:2 Mem:14.87M (Peak 15.92M) | Time:00:00.00 | Mem:0.15M, Peak:0.15M | Scene, ViewLayer | Updating Film
Fra:2 Mem:14.88M (Peak 15.92M) | Time:00:00.00 | Mem:0.07M, Peak:0.15M | Scene, ViewLayer | Updating Lookup Tables
Fra:2 Mem:14.88M (Peak 15.92M) | Time:00:00.00 | Mem:0.16M, Peak:0.16M | Scene, ViewLayer | Updating Baking
Fra:2 Mem:14.88M (Peak 15.92M) | Time:00:00.00 | Mem:0.16M, Peak:0.16M | Scene, ViewLayer | Updating Device | Writing constant memory
Fra:2 Mem:14.88M (Peak 15.92M) | Time:00:00.00 | Mem:0.16M, Peak:0.16M | Scene, ViewLayer | Loading denoising kernels (may take a few minutes the first time)
Fra:2 Mem:14.88M (Peak 15.92M) | Time:00:00.00 | Mem:0.16M, Peak:0.16M | Scene, ViewLayer | Sample 0/8
Fra:2 Mem:31.77M (Peak 31.77M) | Time:00:00.06 | Remaining:00:00.40 | Mem:16.86M, Peak:16.86M | Scene, ViewLayer | Sample 1/8
Fra:2 Mem:38.80M (Peak 49.35M) | Time:00:01.36 | Mem:16.86M, Peak:16.86M | Scene, ViewLayer | Sample 8/8
Fra:2 Mem:38.80M (Peak 49.35M) | Time:00:01.36 | Mem:16.86M, Peak:16.86M | Scene, ViewLayer | Finished
Saved: 'D:\projects\njin\src\games\sandtable\assets\characters\clay_people\generated\walk_frames\001.png'
Time: 00:01.39 (Saving: 00:00.02)

Fra:4 Mem:15.88M (Peak 15.88M) | Time:00:00.00 | Mem:0.00M, Peak:0.00M | Scene, ViewLayer | Synchronizing object | STUDIO_Ground
Fra:4 Mem:15.88M (Peak 15.88M) | Time:00:00.00 | Mem:0.00M, Peak:0.00M | Scene, ViewLayer | Synchronizing object | reference
Fra:4 Mem:15.92M (Peak 15.92M) | Time:00:00.00 | Mem:0.00M, Peak:0.00M | Scene, ViewLayer | Initializing
Fra:4 Mem:14.75M (Peak 15.92M) | Time:00:00.00 | Mem:0.00M, Peak:0.00M | Scene, ViewLayer | Waiting for render to start
Fra:4 Mem:14.75M (Peak 15.92M) | Time:00:00.00 | Mem:0.00M, Peak:0.00M | Scene, ViewLayer | Loading render kernels (may take a few minutes the first time)
Fra:4 Mem:14.75M (Peak 15.92M) | Time:00:00.00 | Mem:0.00M, Peak:0.00M | Scene, ViewLayer | Updating Scene
Fra:4 Mem:14.75M (Peak 15.92M) | Time:00:00.00 | Mem:0.00M, Peak:0.00M | Scene, ViewLayer | Updating Shaders
Fra:4 Mem:14.84M (Peak 15.92M) | Time:00:00.00 | Mem:0.01M, Peak:0.01M | Scene, ViewLayer | Updating Procedurals
Fra:4 Mem:14.84M (Peak 15.92M) | Time:00:00.00 | Mem:0.01M, Peak:0.01M | Scene, ViewLayer | Updating Background
Fra:4 Mem:14.84M (Peak 15.92M) | Time:00:00.00 | Mem:0.01M, Peak:0.01M | Scene, ViewLayer | Updating Camera
Fra:4 Mem:14.84M (Peak 15.92M) | Time:00:00.00 | Mem:0.01M, Peak:0.01M | Scene, ViewLayer | Updating Meshes Flags
Fra:4 Mem:14.84M (Peak 15.92M) | Time:00:00.00 | Mem:0.01M, Peak:0.01M | Scene, ViewLayer | Updating Objects
Fra:4 Mem:14.84M (Peak 15.92M) | Time:00:00.00 | Mem:0.01M, Peak:0.01M | Scene, ViewLayer | Updating Objects | Copying Transformations to device
Fra:4 Mem:14.84M (Peak 15.92M) | Time:00:00.00 | Mem:0.01M, Peak:0.01M | Scene, ViewLayer | Updating Objects | Applying Static Transformations
Fra:4 Mem:14.84M (Peak 15.92M) | Time:00:00.00 | Mem:0.01M, Peak:0.01M | Scene, ViewLayer | Updating Particle Systems
Fra:4 Mem:14.84M (Peak 15.92M) | Time:00:00.00 | Mem:0.01M, Peak:0.01M | Scene, ViewLayer | Updating Particle Systems | Copying Particles to device
Fra:4 Mem:14.84M (Peak 15.92M) | Time:00:00.00 | Mem:0.01M, Peak:0.01M | Scene, ViewLayer | Updating Meshes
Fra:4 Mem:14.85M (Peak 15.92M) | Time:00:00.00 | Mem:0.01M, Peak:0.01M | Scene, ViewLayer | Updating Mesh | Computing attributes
Fra:4 Mem:14.85M (Peak 15.92M) | Time:00:00.00 | Mem:0.01M, Peak:0.01M | Scene, ViewLayer | Updating Mesh | Copying Attributes to device
Fra:4 Mem:14.85M (Peak 15.92M) | Time:00:00.00 | Mem:0.02M, Peak:0.02M | Scene, ViewLayer | Updating Scene BVH | Building
Fra:4 Mem:14.85M (Peak 15.92M) | Time:00:00.00 | Mem:0.02M, Peak:0.02M | Scene, ViewLayer | Updating Scene BVH | Building BVH
Fra:4 Mem:14.85M (Peak 15.92M) | Time:00:00.00 | Mem:0.03M, Peak:0.03M | Scene, ViewLayer | Updating Scene BVH | Building BVH 0%
Fra:4 Mem:14.85M (Peak 15.92M) | Time:00:00.00 | Mem:0.05M, Peak:0.07M | Scene, ViewLayer | Updating Scene BVH | Copying BVH to device
Fra:4 Mem:14.85M (Peak 15.92M) | Time:00:00.00 | Mem:0.05M, Peak:0.07M | Scene, ViewLayer | Updating Mesh | Computing normals
Fra:4 Mem:14.87M (Peak 15.92M) | Time:00:00.00 | Mem:0.05M, Peak:0.07M | Scene, ViewLayer | Updating Mesh | Copying Mesh to device
Fra:4 Mem:14.87M (Peak 15.92M) | Time:00:00.00 | Mem:0.07M, Peak:0.07M | Scene, ViewLayer | Updating Objects Flags
Fra:4 Mem:14.87M (Peak 15.92M) | Time:00:00.00 | Mem:0.07M, Peak:0.07M | Scene, ViewLayer | Updating Primitive Offsets
Fra:4 Mem:14.87M (Peak 15.92M) | Time:00:00.00 | Mem:0.07M, Peak:0.07M | Scene, ViewLayer | Updating Images
Fra:4 Mem:14.87M (Peak 15.92M) | Time:00:00.00 | Mem:0.07M, Peak:0.07M | Scene, ViewLayer | Updating Camera Volume
Fra:4 Mem:14.87M (Peak 15.92M) | Time:00:00.00 | Mem:0.07M, Peak:0.07M | Scene, ViewLayer | Updating Lookup Tables
Fra:4 Mem:14.87M (Peak 15.92M) | Time:00:00.00 | Mem:0.15M, Peak:0.15M | Scene, ViewLayer | Updating Lights
Fra:4 Mem:14.87M (Peak 15.92M) | Time:00:00.00 | Mem:0.15M, Peak:0.15M | Scene, ViewLayer | Updating Lights | Computing tree
Fra:4 Mem:14.87M (Peak 15.92M) | Time:00:00.00 | Mem:0.15M, Peak:0.15M | Scene, ViewLayer | Updating Integrator
Fra:4 Mem:14.87M (Peak 15.92M) | Time:00:00.00 | Mem:0.15M, Peak:0.15M | Scene, ViewLayer | Updating Film
Fra:4 Mem:14.88M (Peak 15.92M) | Time:00:00.00 | Mem:0.07M, Peak:0.15M | Scene, ViewLayer | Updating Lookup Tables
Fra:4 Mem:14.88M (Peak 15.92M) | Time:00:00.00 | Mem:0.16M, Peak:0.16M | Scene, ViewLayer | Updating Baking
Fra:4 Mem:14.88M (Peak 15.92M) | Time:00:00.00 | Mem:0.16M, Peak:0.16M | Scene, ViewLayer | Updating Device | Writing constant memory
Fra:4 Mem:14.88M (Peak 15.92M) | Time:00:00.00 | Mem:0.16M, Peak:0.16M | Scene, ViewLayer | Loading denoising kernels (may take a few minutes the first time)
Fra:4 Mem:14.88M (Peak 15.92M) | Time:00:00.00 | Mem:0.16M, Peak:0.16M | Scene, ViewLayer | Sample 0/8
Fra:4 Mem:31.77M (Peak 31.77M) | Time:00:00.06 | Remaining:00:00.41 | Mem:16.86M, Peak:16.86M | Scene, ViewLayer | Sample 1/8
Fra:4 Mem:38.80M (Peak 49.35M) | Time:00:01.34 | Mem:16.86M, Peak:16.86M | Scene, ViewLayer | Sample 8/8
Fra:4 Mem:38.80M (Peak 49.35M) | Time:00:01.34 | Mem:16.86M, Peak:16.86M | Scene, ViewLayer | Finished
Saved: 'D:\projects\njin\src\games\sandtable\assets\characters\clay_people\generated\walk_frames\002.png'
Time: 00:01.37 (Saving: 00:00.03)

Fra:5 Mem:15.88M (Peak 15.88M) | Time:00:00.00 | Mem:0.00M, Peak:0.00M | Scene, ViewLayer | Synchronizing object | STUDIO_Ground
Fra:5 Mem:15.88M (Peak 15.88M) | Time:00:00.00 | Mem:0.00M, Peak:0.00M | Scene, ViewLayer | Synchronizing object | reference
Fra:5 Mem:15.92M (Peak 15.92M) | Time:00:00.00 | Mem:0.00M, Peak:0.00M | Scene, ViewLayer | Initializing
Fra:5 Mem:14.75M (Peak 15.92M) | Time:00:00.00 | Mem:0.00M, Peak:0.00M | Scene, ViewLayer | Waiting for render to start
Fra:5 Mem:14.75M (Peak 15.92M) | Time:00:00.00 | Mem:0.00M, Peak:0.00M | Scene, ViewLayer | Loading render kernels (may take a few minutes the first time)
Fra:5 Mem:14.75M (Peak 15.92M) | Time:00:00.00 | Mem:0.00M, Peak:0.00M | Scene, ViewLayer | Updating Scene
Fra:5 Mem:14.75M (Peak 15.92M) | Time:00:00.00 | Mem:0.00M, Peak:0.00M | Scene, ViewLayer | Updating Shaders
Fra:5 Mem:14.84M (Peak 15.92M) | Time:00:00.00 | Mem:0.01M, Peak:0.01M | Scene, ViewLayer | Updating Procedurals
Fra:5 Mem:14.84M (Peak 15.92M) | Time:00:00.00 | Mem:0.01M, Peak:0.01M | Scene, ViewLayer | Updating Background
Fra:5 Mem:14.84M (Peak 15.92M) | Time:00:00.00 | Mem:0.01M, Peak:0.01M | Scene, ViewLayer | Updating Camera
Fra:5 Mem:14.84M (Peak 15.92M) | Time:00:00.00 | Mem:0.01M, Peak:0.01M | Scene, ViewLayer | Updating Meshes Flags
Fra:5 Mem:14.84M (Peak 15.92M) | Time:00:00.00 | Mem:0.01M, Peak:0.01M | Scene, ViewLayer | Updating Objects
Fra:5 Mem:14.84M (Peak 15.92M) | Time:00:00.00 | Mem:0.01M, Peak:0.01M | Scene, ViewLayer | Updating Objects | Copying Transformations to device
Fra:5 Mem:14.84M (Peak 15.92M) | Time:00:00.00 | Mem:0.01M, Peak:0.01M | Scene, ViewLayer | Updating Objects | Applying Static Transformations
Fra:5 Mem:14.84M (Peak 15.92M) | Time:00:00.00 | Mem:0.01M, Peak:0.01M | Scene, ViewLayer | Updating Particle Systems
Fra:5 Mem:14.84M (Peak 15.92M) | Time:00:00.00 | Mem:0.01M, Peak:0.01M | Scene, ViewLayer | Updating Particle Systems | Copying Particles to device
Fra:5 Mem:14.84M (Peak 15.92M) | Time:00:00.00 | Mem:0.01M, Peak:0.01M | Scene, ViewLayer | Updating Meshes
Fra:5 Mem:14.85M (Peak 15.92M) | Time:00:00.00 | Mem:0.01M, Peak:0.01M | Scene, ViewLayer | Updating Mesh | Computing attributes
Fra:5 Mem:14.85M (Peak 15.92M) | Time:00:00.00 | Mem:0.01M, Peak:0.01M | Scene, ViewLayer | Updating Mesh | Copying Attributes to device
Fra:5 Mem:14.85M (Peak 15.92M) | Time:00:00.00 | Mem:0.02M, Peak:0.02M | Scene, ViewLayer | Updating Scene BVH | Building
Fra:5 Mem:14.85M (Peak 15.92M) | Time:00:00.00 | Mem:0.02M, Peak:0.02M | Scene, ViewLayer | Updating Scene BVH | Building BVH
Fra:5 Mem:14.85M (Peak 15.92M) | Time:00:00.00 | Mem:0.03M, Peak:0.03M | Scene, ViewLayer | Updating Scene BVH | Building BVH 0%
Fra:5 Mem:14.85M (Peak 15.92M) | Time:00:00.00 | Mem:0.05M, Peak:0.07M | Scene, ViewLayer | Updating Scene BVH | Copying BVH to device
Fra:5 Mem:14.85M (Peak 15.92M) | Time:00:00.00 | Mem:0.05M, Peak:0.07M | Scene, ViewLayer | Updating Mesh | Computing normals
Fra:5 Mem:14.87M (Peak 15.92M) | Time:00:00.00 | Mem:0.05M, Peak:0.07M | Scene, ViewLayer | Updating Mesh | Copying Mesh to device
Fra:5 Mem:14.87M (Peak 15.92M) | Time:00:00.00 | Mem:0.07M, Peak:0.07M | Scene, ViewLayer | Updating Objects Flags
Fra:5 Mem:14.87M (Peak 15.92M) | Time:00:00.00 | Mem:0.07M, Peak:0.07M | Scene, ViewLayer | Updating Primitive Offsets
Fra:5 Mem:14.87M (Peak 15.92M) | Time:00:00.00 | Mem:0.07M, Peak:0.07M | Scene, ViewLayer | Updating Images
Fra:5 Mem:14.87M (Peak 15.92M) | Time:00:00.00 | Mem:0.07M, Peak:0.07M | Scene, ViewLayer | Updating Camera Volume
Fra:5 Mem:14.87M (Peak 15.92M) | Time:00:00.00 | Mem:0.07M, Peak:0.07M | Scene, ViewLayer | Updating Lookup Tables
Fra:5 Mem:14.87M (Peak 15.92M) | Time:00:00.00 | Mem:0.15M, Peak:0.15M | Scene, ViewLayer | Updating Lights
Fra:5 Mem:14.87M (Peak 15.92M) | Time:00:00.00 | Mem:0.15M, Peak:0.15M | Scene, ViewLayer | Updating Lights | Computing tree
Fra:5 Mem:14.87M (Peak 15.92M) | Time:00:00.00 | Mem:0.15M, Peak:0.15M | Scene, ViewLayer | Updating Integrator
Fra:5 Mem:14.87M (Peak 15.92M) | Time:00:00.00 | Mem:0.15M, Peak:0.15M | Scene, ViewLayer | Updating Film
Fra:5 Mem:14.88M (Peak 15.92M) | Time:00:00.00 | Mem:0.07M, Peak:0.15M | Scene, ViewLayer | Updating Lookup Tables
Fra:5 Mem:14.88M (Peak 15.92M) | Time:00:00.00 | Mem:0.16M, Peak:0.16M | Scene, ViewLayer | Updating Baking
Fra:5 Mem:14.88M (Peak 15.92M) | Time:00:00.00 | Mem:0.16M, Peak:0.16M | Scene, ViewLayer | Updating Device | Writing constant memory
Fra:5 Mem:14.88M (Peak 15.92M) | Time:00:00.00 | Mem:0.16M, Peak:0.16M | Scene, ViewLayer | Loading denoising kernels (may take a few minutes the first time)
Fra:5 Mem:14.88M (Peak 15.92M) | Time:00:00.00 | Mem:0.16M, Peak:0.16M | Scene, ViewLayer | Sample 0/8
Fra:5 Mem:31.77M (Peak 31.77M) | Time:00:00.06 | Remaining:00:00.40 | Mem:16.86M, Peak:16.86M | Scene, ViewLayer | Sample 1/8
Fra:5 Mem:38.80M (Peak 49.35M) | Time:00:01.31 | Mem:16.86M, Peak:16.86M | Scene, ViewLayer | Sample 8/8
Fra:5 Mem:38.80M (Peak 49.35M) | Time:00:01.31 | Mem:16.86M, Peak:16.86M | Scene, ViewLayer | Finished
Saved: 'D:\projects\njin\src\games\sandtable\assets\characters\clay_people\generated\walk_frames\003.png'
Time: 00:01.34 (Saving: 00:00.03)

Fra:7 Mem:15.88M (Peak 15.88M) | Time:00:00.00 | Mem:0.00M, Peak:0.00M | Scene, ViewLayer | Synchronizing object | STUDIO_Ground
Fra:7 Mem:15.88M (Peak 15.88M) | Time:00:00.00 | Mem:0.00M, Peak:0.00M | Scene, ViewLayer | Synchronizing object | reference
Fra:7 Mem:15.92M (Peak 15.92M) | Time:00:00.00 | Mem:0.00M, Peak:0.00M | Scene, ViewLayer | Initializing
Fra:7 Mem:14.75M (Peak 15.92M) | Time:00:00.00 | Mem:0.00M, Peak:0.00M | Scene, ViewLayer | Waiting for render to start
Fra:7 Mem:14.75M (Peak 15.92M) | Time:00:00.00 | Mem:0.00M, Peak:0.00M | Scene, ViewLayer | Loading render kernels (may take a few minutes the first time)
Fra:7 Mem:14.75M (Peak 15.92M) | Time:00:00.00 | Mem:0.00M, Peak:0.00M | Scene, ViewLayer | Updating Scene
Fra:7 Mem:14.75M (Peak 15.92M) | Time:00:00.00 | Mem:0.00M, Peak:0.00M | Scene, ViewLayer | Updating Shaders
Fra:7 Mem:14.84M (Peak 15.92M) | Time:00:00.00 | Mem:0.01M, Peak:0.01M | Scene, ViewLayer | Updating Procedurals
Fra:7 Mem:14.84M (Peak 15.92M) | Time:00:00.00 | Mem:0.01M, Peak:0.01M | Scene, ViewLayer | Updating Background
Fra:7 Mem:14.84M (Peak 15.92M) | Time:00:00.00 | Mem:0.01M, Peak:0.01M | Scene, ViewLayer | Updating Camera
Fra:7 Mem:14.84M (Peak 15.92M) | Time:00:00.00 | Mem:0.01M, Peak:0.01M | Scene, ViewLayer | Updating Meshes Flags
Fra:7 Mem:14.84M (Peak 15.92M) | Time:00:00.00 | Mem:0.01M, Peak:0.01M | Scene, ViewLayer | Updating Objects
Fra:7 Mem:14.84M (Peak 15.92M) | Time:00:00.00 | Mem:0.01M, Peak:0.01M | Scene, ViewLayer | Updating Objects | Copying Transformations to device
Fra:7 Mem:14.84M (Peak 15.92M) | Time:00:00.00 | Mem:0.01M, Peak:0.01M | Scene, ViewLayer | Updating Objects | Applying Static Transformations
Fra:7 Mem:14.84M (Peak 15.92M) | Time:00:00.00 | Mem:0.01M, Peak:0.01M | Scene, ViewLayer | Updating Particle Systems
Fra:7 Mem:14.84M (Peak 15.92M) | Time:00:00.00 | Mem:0.01M, Peak:0.01M | Scene, ViewLayer | Updating Particle Systems | Copying Particles to device
Fra:7 Mem:14.84M (Peak 15.92M) | Time:00:00.00 | Mem:0.01M, Peak:0.01M | Scene, ViewLayer | Updating Meshes
Fra:7 Mem:14.85M (Peak 15.92M) | Time:00:00.00 | Mem:0.01M, Peak:0.01M | Scene, ViewLayer | Updating Mesh | Computing attributes
Fra:7 Mem:14.85M (Peak 15.92M) | Time:00:00.00 | Mem:0.01M, Peak:0.01M | Scene, ViewLayer | Updating Mesh | Copying Attributes to device
Fra:7 Mem:14.85M (Peak 15.92M) | Time:00:00.00 | Mem:0.02M, Peak:0.02M | Scene, ViewLayer | Updating Scene BVH | Building
Fra:7 Mem:14.85M (Peak 15.92M) | Time:00:00.00 | Mem:0.02M, Peak:0.02M | Scene, ViewLayer | Updating Scene BVH | Building BVH
Fra:7 Mem:14.85M (Peak 15.92M) | Time:00:00.00 | Mem:0.03M, Peak:0.03M | Scene, ViewLayer | Updating Scene BVH | Building BVH 0%
Fra:7 Mem:14.85M (Peak 15.92M) | Time:00:00.00 | Mem:0.05M, Peak:0.07M | Scene, ViewLayer | Updating Scene BVH | Copying BVH to device
Fra:7 Mem:14.85M (Peak 15.92M) | Time:00:00.00 | Mem:0.05M, Peak:0.07M | Scene, ViewLayer | Updating Mesh | Computing normals
Fra:7 Mem:14.87M (Peak 15.92M) | Time:00:00.00 | Mem:0.05M, Peak:0.07M | Scene, ViewLayer | Updating Mesh | Copying Mesh to device
Fra:7 Mem:14.87M (Peak 15.92M) | Time:00:00.00 | Mem:0.07M, Peak:0.07M | Scene, ViewLayer | Updating Objects Flags
Fra:7 Mem:14.87M (Peak 15.92M) | Time:00:00.00 | Mem:0.07M, Peak:0.07M | Scene, ViewLayer | Updating Primitive Offsets
Fra:7 Mem:14.87M (Peak 15.92M) | Time:00:00.00 | Mem:0.07M, Peak:0.07M | Scene, ViewLayer | Updating Images
Fra:7 Mem:14.87M (Peak 15.92M) | Time:00:00.00 | Mem:0.07M, Peak:0.07M | Scene, ViewLayer | Updating Camera Volume
Fra:7 Mem:14.87M (Peak 15.92M) | Time:00:00.00 | Mem:0.07M, Peak:0.07M | Scene, ViewLayer | Updating Lookup Tables
Fra:7 Mem:14.87M (Peak 15.92M) | Time:00:00.00 | Mem:0.15M, Peak:0.15M | Scene, ViewLayer | Updating Lights
Fra:7 Mem:14.87M (Peak 15.92M) | Time:00:00.00 | Mem:0.15M, Peak:0.15M | Scene, ViewLayer | Updating Lights | Computing tree
Fra:7 Mem:14.87M (Peak 15.92M) | Time:00:00.00 | Mem:0.16M, Peak:0.16M | Scene, ViewLayer | Updating Integrator
Fra:7 Mem:14.87M (Peak 15.92M) | Time:00:00.00 | Mem:0.16M, Peak:0.16M | Scene, ViewLayer | Updating Film
Fra:7 Mem:14.88M (Peak 15.92M) | Time:00:00.00 | Mem:0.07M, Peak:0.16M | Scene, ViewLayer | Updating Lookup Tables
Fra:7 Mem:14.88M (Peak 15.92M) | Time:00:00.00 | Mem:0.16M, Peak:0.16M | Scene, ViewLayer | Updating Baking
Fra:7 Mem:14.88M (Peak 15.92M) | Time:00:00.00 | Mem:0.16M, Peak:0.16M | Scene, ViewLayer | Updating Device | Writing constant memory
Fra:7 Mem:14.88M (Peak 15.92M) | Time:00:00.00 | Mem:0.16M, Peak:0.16M | Scene, ViewLayer | Loading denoising kernels (may take a few minutes the first time)
Fra:7 Mem:14.88M (Peak 15.92M) | Time:00:00.00 | Mem:0.16M, Peak:0.16M | Scene, ViewLayer | Sample 0/8
Fra:7 Mem:31.77M (Peak 31.77M) | Time:00:00.06 | Remaining:00:00.40 | Mem:16.86M, Peak:16.86M | Scene, ViewLayer | Sample 1/8
Fra:7 Mem:38.80M (Peak 49.35M) | Time:00:01.36 | Mem:16.86M, Peak:16.86M | Scene, ViewLayer | Sample 8/8
Fra:7 Mem:38.80M (Peak 49.35M) | Time:00:01.36 | Mem:16.86M, Peak:16.86M | Scene, ViewLayer | Finished
Saved: 'D:\projects\njin\src\games\sandtable\assets\characters\clay_people\generated\walk_frames\004.png'
Time: 00:01.39 (Saving: 00:00.02)

Fra:8 Mem:15.88M (Peak 15.88M) | Time:00:00.00 | Mem:0.00M, Peak:0.00M | Scene, ViewLayer | Synchronizing object | STUDIO_Ground
Fra:8 Mem:15.88M (Peak 15.88M) | Time:00:00.00 | Mem:0.00M, Peak:0.00M | Scene, ViewLayer | Synchronizing object | reference
Fra:8 Mem:15.92M (Peak 15.92M) | Time:00:00.00 | Mem:0.00M, Peak:0.00M | Scene, ViewLayer | Initializing
Fra:8 Mem:14.75M (Peak 15.92M) | Time:00:00.00 | Mem:0.00M, Peak:0.00M | Scene, ViewLayer | Waiting for render to start
Fra:8 Mem:14.75M (Peak 15.92M) | Time:00:00.00 | Mem:0.00M, Peak:0.00M | Scene, ViewLayer | Loading render kernels (may take a few minutes the first time)
Fra:8 Mem:14.75M (Peak 15.92M) | Time:00:00.00 | Mem:0.00M, Peak:0.00M | Scene, ViewLayer | Updating Scene
Fra:8 Mem:14.75M (Peak 15.92M) | Time:00:00.00 | Mem:0.00M, Peak:0.00M | Scene, ViewLayer | Updating Shaders
Fra:8 Mem:14.84M (Peak 15.92M) | Time:00:00.00 | Mem:0.01M, Peak:0.01M | Scene, ViewLayer | Updating Procedurals
Fra:8 Mem:14.84M (Peak 15.92M) | Time:00:00.00 | Mem:0.01M, Peak:0.01M | Scene, ViewLayer | Updating Background
Fra:8 Mem:14.84M (Peak 15.92M) | Time:00:00.00 | Mem:0.01M, Peak:0.01M | Scene, ViewLayer | Updating Camera
Fra:8 Mem:14.84M (Peak 15.92M) | Time:00:00.00 | Mem:0.01M, Peak:0.01M | Scene, ViewLayer | Updating Meshes Flags
Fra:8 Mem:14.84M (Peak 15.92M) | Time:00:00.00 | Mem:0.01M, Peak:0.01M | Scene, ViewLayer | Updating Objects
Fra:8 Mem:14.84M (Peak 15.92M) | Time:00:00.00 | Mem:0.01M, Peak:0.01M | Scene, ViewLayer | Updating Objects | Copying Transformations to device
Fra:8 Mem:14.84M (Peak 15.92M) | Time:00:00.00 | Mem:0.01M, Peak:0.01M | Scene, ViewLayer | Updating Objects | Applying Static Transformations
Fra:8 Mem:14.84M (Peak 15.92M) | Time:00:00.00 | Mem:0.01M, Peak:0.01M | Scene, ViewLayer | Updating Particle Systems
Fra:8 Mem:14.84M (Peak 15.92M) | Time:00:00.00 | Mem:0.01M, Peak:0.01M | Scene, ViewLayer | Updating Particle Systems | Copying Particles to device
Fra:8 Mem:14.84M (Peak 15.92M) | Time:00:00.00 | Mem:0.01M, Peak:0.01M | Scene, ViewLayer | Updating Meshes
Fra:8 Mem:14.85M (Peak 15.92M) | Time:00:00.00 | Mem:0.01M, Peak:0.01M | Scene, ViewLayer | Updating Mesh | Computing attributes
Fra:8 Mem:14.85M (Peak 15.92M) | Time:00:00.00 | Mem:0.01M, Peak:0.01M | Scene, ViewLayer | Updating Mesh | Copying Attributes to device
Fra:8 Mem:14.85M (Peak 15.92M) | Time:00:00.00 | Mem:0.02M, Peak:0.02M | Scene, ViewLayer | Updating Scene BVH | Building
Fra:8 Mem:14.85M (Peak 15.92M) | Time:00:00.00 | Mem:0.02M, Peak:0.02M | Scene, ViewLayer | Updating Scene BVH | Building BVH
Fra:8 Mem:14.85M (Peak 15.92M) | Time:00:00.00 | Mem:0.03M, Peak:0.03M | Scene, ViewLayer | Updating Scene BVH | Building BVH 0%
Fra:8 Mem:14.85M (Peak 15.92M) | Time:00:00.00 | Mem:0.05M, Peak:0.07M | Scene, ViewLayer | Updating Scene BVH | Copying BVH to device
Fra:8 Mem:14.85M (Peak 15.92M) | Time:00:00.00 | Mem:0.05M, Peak:0.07M | Scene, ViewLayer | Updating Mesh | Computing normals
Fra:8 Mem:14.87M (Peak 15.92M) | Time:00:00.00 | Mem:0.05M, Peak:0.07M | Scene, ViewLayer | Updating Mesh | Copying Mesh to device
Fra:8 Mem:14.87M (Peak 15.92M) | Time:00:00.00 | Mem:0.07M, Peak:0.07M | Scene, ViewLayer | Updating Objects Flags
Fra:8 Mem:14.87M (Peak 15.92M) | Time:00:00.00 | Mem:0.07M, Peak:0.07M | Scene, ViewLayer | Updating Primitive Offsets
Fra:8 Mem:14.87M (Peak 15.92M) | Time:00:00.00 | Mem:0.07M, Peak:0.07M | Scene, ViewLayer | Updating Images
Fra:8 Mem:14.87M (Peak 15.92M) | Time:00:00.00 | Mem:0.07M, Peak:0.07M | Scene, ViewLayer | Updating Camera Volume
Fra:8 Mem:14.87M (Peak 15.92M) | Time:00:00.00 | Mem:0.07M, Peak:0.07M | Scene, ViewLayer | Updating Lookup Tables
Fra:8 Mem:14.87M (Peak 15.92M) | Time:00:00.00 | Mem:0.15M, Peak:0.15M | Scene, ViewLayer | Updating Lights
Fra:8 Mem:14.87M (Peak 15.92M) | Time:00:00.00 | Mem:0.15M, Peak:0.15M | Scene, ViewLayer | Updating Lights | Computing tree
Fra:8 Mem:14.87M (Peak 15.92M) | Time:00:00.00 | Mem:0.16M, Peak:0.16M | Scene, ViewLayer | Updating Integrator
Fra:8 Mem:14.87M (Peak 15.92M) | Time:00:00.00 | Mem:0.16M, Peak:0.16M | Scene, ViewLayer | Updating Film
Fra:8 Mem:14.88M (Peak 15.92M) | Time:00:00.00 | Mem:0.07M, Peak:0.16M | Scene, ViewLayer | Updating Lookup Tables
Fra:8 Mem:14.88M (Peak 15.92M) | Time:00:00.00 | Mem:0.16M, Peak:0.16M | Scene, ViewLayer | Updating Baking
Fra:8 Mem:14.88M (Peak 15.92M) | Time:00:00.00 | Mem:0.16M, Peak:0.16M | Scene, ViewLayer | Updating Device | Writing constant memory
Fra:8 Mem:14.88M (Peak 15.92M) | Time:00:00.00 | Mem:0.16M, Peak:0.16M | Scene, ViewLayer | Loading denoising kernels (may take a few minutes the first time)
Fra:8 Mem:14.88M (Peak 15.92M) | Time:00:00.00 | Mem:0.16M, Peak:0.16M | Scene, ViewLayer | Sample 0/8
Fra:8 Mem:31.77M (Peak 31.77M) | Time:00:00.07 | Remaining:00:00.50 | Mem:16.86M, Peak:16.86M | Scene, ViewLayer | Sample 1/8
Fra:8 Mem:38.80M (Peak 49.35M) | Time:00:01.33 | Mem:16.86M, Peak:16.86M | Scene, ViewLayer | Sample 8/8
Fra:8 Mem:38.80M (Peak 49.35M) | Time:00:01.34 | Mem:16.86M, Peak:16.86M | Scene, ViewLayer | Finished
Saved: 'D:\projects\njin\src\games\sandtable\assets\characters\clay_people\generated\walk_frames\005.png'
Time: 00:01.36 (Saving: 00:00.02)

Fra:10 Mem:15.88M (Peak 15.88M) | Time:00:00.00 | Mem:0.00M, Peak:0.00M | Scene, ViewLayer | Synchronizing object | STUDIO_Ground
Fra:10 Mem:15.88M (Peak 15.88M) | Time:00:00.00 | Mem:0.00M, Peak:0.00M | Scene, ViewLayer | Synchronizing object | reference
Fra:10 Mem:15.92M (Peak 15.92M) | Time:00:00.00 | Mem:0.00M, Peak:0.00M | Scene, ViewLayer | Initializing
Fra:10 Mem:14.75M (Peak 15.92M) | Time:00:00.00 | Mem:0.00M, Peak:0.00M | Scene, ViewLayer | Waiting for render to start
Fra:10 Mem:14.75M (Peak 15.92M) | Time:00:00.00 | Mem:0.00M, Peak:0.00M | Scene, ViewLayer | Loading render kernels (may take a few minutes the first time)
Fra:10 Mem:14.75M (Peak 15.92M) | Time:00:00.00 | Mem:0.00M, Peak:0.00M | Scene, ViewLayer | Updating Scene
Fra:10 Mem:14.75M (Peak 15.92M) | Time:00:00.00 | Mem:0.00M, Peak:0.00M | Scene, ViewLayer | Updating Shaders
Fra:10 Mem:14.84M (Peak 15.92M) | Time:00:00.00 | Mem:0.01M, Peak:0.01M | Scene, ViewLayer | Updating Procedurals
Fra:10 Mem:14.84M (Peak 15.92M) | Time:00:00.00 | Mem:0.01M, Peak:0.01M | Scene, ViewLayer | Updating Background
Fra:10 Mem:14.84M (Peak 15.92M) | Time:00:00.00 | Mem:0.01M, Peak:0.01M | Scene, ViewLayer | Updating Camera
Fra:10 Mem:14.84M (Peak 15.92M) | Time:00:00.00 | Mem:0.01M, Peak:0.01M | Scene, ViewLayer | Updating Meshes Flags
Fra:10 Mem:14.84M (Peak 15.92M) | Time:00:00.00 | Mem:0.01M, Peak:0.01M | Scene, ViewLayer | Updating Objects
Fra:10 Mem:14.84M (Peak 15.92M) | Time:00:00.00 | Mem:0.01M, Peak:0.01M | Scene, ViewLayer | Updating Objects | Copying Transformations to device
Fra:10 Mem:14.84M (Peak 15.92M) | Time:00:00.00 | Mem:0.01M, Peak:0.01M | Scene, ViewLayer | Updating Objects | Applying Static Transformations
Fra:10 Mem:14.84M (Peak 15.92M) | Time:00:00.00 | Mem:0.01M, Peak:0.01M | Scene, ViewLayer | Updating Particle Systems
Fra:10 Mem:14.84M (Peak 15.92M) | Time:00:00.00 | Mem:0.01M, Peak:0.01M | Scene, ViewLayer | Updating Particle Systems | Copying Particles to device
Fra:10 Mem:14.84M (Peak 15.92M) | Time:00:00.00 | Mem:0.01M, Peak:0.01M | Scene, ViewLayer | Updating Meshes
Fra:10 Mem:14.85M (Peak 15.92M) | Time:00:00.00 | Mem:0.01M, Peak:0.01M | Scene, ViewLayer | Updating Mesh | Computing attributes
Fra:10 Mem:14.85M (Peak 15.92M) | Time:00:00.00 | Mem:0.01M, Peak:0.01M | Scene, ViewLayer | Updating Mesh | Copying Attributes to device
Fra:10 Mem:14.85M (Peak 15.92M) | Time:00:00.00 | Mem:0.02M, Peak:0.02M | Scene, ViewLayer | Updating Scene BVH | Building
Fra:10 Mem:14.85M (Peak 15.92M) | Time:00:00.00 | Mem:0.02M, Peak:0.02M | Scene, ViewLayer | Updating Scene BVH | Building BVH
Fra:10 Mem:14.85M (Peak 15.92M) | Time:00:00.00 | Mem:0.03M, Peak:0.03M | Scene, ViewLayer | Updating Scene BVH | Building BVH 0%
Fra:10 Mem:14.85M (Peak 15.92M) | Time:00:00.00 | Mem:0.05M, Peak:0.07M | Scene, ViewLayer | Updating Scene BVH | Copying BVH to device
Fra:10 Mem:14.85M (Peak 15.92M) | Time:00:00.00 | Mem:0.05M, Peak:0.07M | Scene, ViewLayer | Updating Mesh | Computing normals
Fra:10 Mem:14.87M (Peak 15.92M) | Time:00:00.00 | Mem:0.05M, Peak:0.07M | Scene, ViewLayer | Updating Mesh | Copying Mesh to device
Fra:10 Mem:14.87M (Peak 15.92M) | Time:00:00.00 | Mem:0.07M, Peak:0.07M | Scene, ViewLayer | Updating Objects Flags
Fra:10 Mem:14.87M (Peak 15.92M) | Time:00:00.00 | Mem:0.07M, Peak:0.07M | Scene, ViewLayer | Updating Primitive Offsets
Fra:10 Mem:14.87M (Peak 15.92M) | Time:00:00.00 | Mem:0.07M, Peak:0.07M | Scene, ViewLayer | Updating Images
Fra:10 Mem:14.87M (Peak 15.92M) | Time:00:00.00 | Mem:0.07M, Peak:0.07M | Scene, ViewLayer | Updating Camera Volume
Fra:10 Mem:14.87M (Peak 15.92M) | Time:00:00.00 | Mem:0.07M, Peak:0.07M | Scene, ViewLayer | Updating Lookup Tables
Fra:10 Mem:14.87M (Peak 15.92M) | Time:00:00.00 | Mem:0.15M, Peak:0.15M | Scene, ViewLayer | Updating Lights
Fra:10 Mem:14.87M (Peak 15.92M) | Time:00:00.00 | Mem:0.15M, Peak:0.15M | Scene, ViewLayer | Updating Lights | Computing tree
Fra:10 Mem:14.87M (Peak 15.92M) | Time:00:00.00 | Mem:0.16M, Peak:0.16M | Scene, ViewLayer | Updating Integrator
Fra:10 Mem:14.87M (Peak 15.92M) | Time:00:00.00 | Mem:0.16M, Peak:0.16M | Scene, ViewLayer | Updating Film
Fra:10 Mem:14.88M (Peak 15.92M) | Time:00:00.00 | Mem:0.07M, Peak:0.16M | Scene, ViewLayer | Updating Lookup Tables
Fra:10 Mem:14.88M (Peak 15.92M) | Time:00:00.00 | Mem:0.16M, Peak:0.16M | Scene, ViewLayer | Updating Baking
Fra:10 Mem:14.88M (Peak 15.92M) | Time:00:00.00 | Mem:0.16M, Peak:0.16M | Scene, ViewLayer | Updating Device | Writing constant memory
Fra:10 Mem:14.88M (Peak 15.92M) | Time:00:00.00 | Mem:0.16M, Peak:0.16M | Scene, ViewLayer | Loading denoising kernels (may take a few minutes the first time)
Fra:10 Mem:14.88M (Peak 15.92M) | Time:00:00.00 | Mem:0.16M, Peak:0.16M | Scene, ViewLayer | Sample 0/8
Fra:10 Mem:31.77M (Peak 31.77M) | Time:00:00.05 | Remaining:00:00.38 | Mem:16.86M, Peak:16.86M | Scene, ViewLayer | Sample 1/8
Fra:10 Mem:38.80M (Peak 49.35M) | Time:00:01.34 | Mem:16.86M, Peak:16.86M | Scene, ViewLayer | Sample 8/8
Fra:10 Mem:38.80M (Peak 49.35M) | Time:00:01.34 | Mem:16.86M, Peak:16.86M | Scene, ViewLayer | Finished
Saved: 'D:\projects\njin\src\games\sandtable\assets\characters\clay_people\generated\walk_frames\006.png'
Time: 00:01.37 (Saving: 00:00.03)

Fra:11 Mem:15.88M (Peak 15.88M) | Time:00:00.00 | Mem:0.00M, Peak:0.00M | Scene, ViewLayer | Synchronizing object | STUDIO_Ground
Fra:11 Mem:15.88M (Peak 15.88M) | Time:00:00.00 | Mem:0.00M, Peak:0.00M | Scene, ViewLayer | Synchronizing object | reference
Fra:11 Mem:15.92M (Peak 15.92M) | Time:00:00.00 | Mem:0.00M, Peak:0.00M | Scene, ViewLayer | Initializing
Fra:11 Mem:14.75M (Peak 15.92M) | Time:00:00.00 | Mem:0.00M, Peak:0.00M | Scene, ViewLayer | Waiting for render to start
Fra:11 Mem:14.75M (Peak 15.92M) | Time:00:00.00 | Mem:0.00M, Peak:0.00M | Scene, ViewLayer | Loading render kernels (may take a few minutes the first time)
Fra:11 Mem:14.75M (Peak 15.92M) | Time:00:00.00 | Mem:0.00M, Peak:0.00M | Scene, ViewLayer | Updating Scene
Fra:11 Mem:14.75M (Peak 15.92M) | Time:00:00.00 | Mem:0.00M, Peak:0.00M | Scene, ViewLayer | Updating Shaders
Fra:11 Mem:14.84M (Peak 15.92M) | Time:00:00.00 | Mem:0.01M, Peak:0.01M | Scene, ViewLayer | Updating Procedurals
Fra:11 Mem:14.84M (Peak 15.92M) | Time:00:00.00 | Mem:0.01M, Peak:0.01M | Scene, ViewLayer | Updating Background
Fra:11 Mem:14.84M (Peak 15.92M) | Time:00:00.00 | Mem:0.01M, Peak:0.01M | Scene, ViewLayer | Updating Camera
Fra:11 Mem:14.84M (Peak 15.92M) | Time:00:00.00 | Mem:0.01M, Peak:0.01M | Scene, ViewLayer | Updating Meshes Flags
Fra:11 Mem:14.84M (Peak 15.92M) | Time:00:00.00 | Mem:0.01M, Peak:0.01M | Scene, ViewLayer | Updating Objects
Fra:11 Mem:14.84M (Peak 15.92M) | Time:00:00.00 | Mem:0.01M, Peak:0.01M | Scene, ViewLayer | Updating Objects | Copying Transformations to device
Fra:11 Mem:14.84M (Peak 15.92M) | Time:00:00.00 | Mem:0.01M, Peak:0.01M | Scene, ViewLayer | Updating Objects | Applying Static Transformations
Fra:11 Mem:14.84M (Peak 15.92M) | Time:00:00.00 | Mem:0.01M, Peak:0.01M | Scene, ViewLayer | Updating Particle Systems
Fra:11 Mem:14.84M (Peak 15.92M) | Time:00:00.00 | Mem:0.01M, Peak:0.01M | Scene, ViewLayer | Updating Particle Systems | Copying Particles to device
Fra:11 Mem:14.84M (Peak 15.92M) | Time:00:00.00 | Mem:0.01M, Peak:0.01M | Scene, ViewLayer | Updating Meshes
Fra:11 Mem:14.85M (Peak 15.92M) | Time:00:00.00 | Mem:0.01M, Peak:0.01M | Scene, ViewLayer | Updating Mesh | Computing attributes
Fra:11 Mem:14.85M (Peak 15.92M) | Time:00:00.00 | Mem:0.01M, Peak:0.01M | Scene, ViewLayer | Updating Mesh | Copying Attributes to device
Fra:11 Mem:14.85M (Peak 15.92M) | Time:00:00.00 | Mem:0.02M, Peak:0.02M | Scene, ViewLayer | Updating Scene BVH | Building
Fra:11 Mem:14.85M (Peak 15.92M) | Time:00:00.00 | Mem:0.02M, Peak:0.02M | Scene, ViewLayer | Updating Scene BVH | Building BVH
Fra:11 Mem:14.85M (Peak 15.92M) | Time:00:00.00 | Mem:0.03M, Peak:0.03M | Scene, ViewLayer | Updating Scene BVH | Building BVH 0%
Fra:11 Mem:14.85M (Peak 15.92M) | Time:00:00.00 | Mem:0.05M, Peak:0.07M | Scene, ViewLayer | Updating Scene BVH | Copying BVH to device
Fra:11 Mem:14.85M (Peak 15.92M) | Time:00:00.00 | Mem:0.05M, Peak:0.07M | Scene, ViewLayer | Updating Mesh | Computing normals
Fra:11 Mem:14.87M (Peak 15.92M) | Time:00:00.00 | Mem:0.05M, Peak:0.07M | Scene, ViewLayer | Updating Mesh | Copying Mesh to device
Fra:11 Mem:14.87M (Peak 15.92M) | Time:00:00.00 | Mem:0.07M, Peak:0.07M | Scene, ViewLayer | Updating Objects Flags
Fra:11 Mem:14.87M (Peak 15.92M) | Time:00:00.00 | Mem:0.07M, Peak:0.07M | Scene, ViewLayer | Updating Primitive Offsets
Fra:11 Mem:14.87M (Peak 15.92M) | Time:00:00.00 | Mem:0.07M, Peak:0.07M | Scene, ViewLayer | Updating Images
Fra:11 Mem:14.87M (Peak 15.92M) | Time:00:00.00 | Mem:0.07M, Peak:0.07M | Scene, ViewLayer | Updating Camera Volume
Fra:11 Mem:14.87M (Peak 15.92M) | Time:00:00.00 | Mem:0.07M, Peak:0.07M | Scene, ViewLayer | Updating Lookup Tables
Fra:11 Mem:14.87M (Peak 15.92M) | Time:00:00.00 | Mem:0.15M, Peak:0.15M | Scene, ViewLayer | Updating Lights
Fra:11 Mem:14.87M (Peak 15.92M) | Time:00:00.00 | Mem:0.15M, Peak:0.15M | Scene, ViewLayer | Updating Lights | Computing tree
Fra:11 Mem:14.87M (Peak 15.92M) | Time:00:00.00 | Mem:0.15M, Peak:0.15M | Scene, ViewLayer | Updating Integrator
Fra:11 Mem:14.87M (Peak 15.92M) | Time:00:00.00 | Mem:0.15M, Peak:0.15M | Scene, ViewLayer | Updating Film
Fra:11 Mem:14.88M (Peak 15.92M) | Time:00:00.00 | Mem:0.07M, Peak:0.15M | Scene, ViewLayer | Updating Lookup Tables
Fra:11 Mem:14.88M (Peak 15.92M) | Time:00:00.00 | Mem:0.16M, Peak:0.16M | Scene, ViewLayer | Updating Baking
Fra:11 Mem:14.88M (Peak 15.92M) | Time:00:00.00 | Mem:0.16M, Peak:0.16M | Scene, ViewLayer | Updating Device | Writing constant memory
Fra:11 Mem:14.88M (Peak 15.92M) | Time:00:00.00 | Mem:0.16M, Peak:0.16M | Scene, ViewLayer | Loading denoising kernels (may take a few minutes the first time)
Fra:11 Mem:14.88M (Peak 15.92M) | Time:00:00.00 | Mem:0.16M, Peak:0.16M | Scene, ViewLayer | Sample 0/8
Fra:11 Mem:31.77M (Peak 31.77M) | Time:00:00.06 | Remaining:00:00.43 | Mem:16.86M, Peak:16.86M | Scene, ViewLayer | Sample 1/8
Fra:11 Mem:38.80M (Peak 49.35M) | Time:00:01.32 | Mem:16.86M, Peak:16.86M | Scene, ViewLayer | Sample 8/8
Fra:11 Mem:38.80M (Peak 49.35M) | Time:00:01.32 | Mem:16.86M, Peak:16.86M | Scene, ViewLayer | Finished
Saved: 'D:\projects\njin\src\games\sandtable\assets\characters\clay_people\generated\walk_frames\007.png'
Time: 00:01.36 (Saving: 00:00.03)

Fra:13 Mem:15.88M (Peak 15.88M) | Time:00:00.00 | Mem:0.00M, Peak:0.00M | Scene, ViewLayer | Synchronizing object | STUDIO_Ground
Fra:13 Mem:15.88M (Peak 15.88M) | Time:00:00.00 | Mem:0.00M, Peak:0.00M | Scene, ViewLayer | Synchronizing object | reference
Fra:13 Mem:15.92M (Peak 15.92M) | Time:00:00.00 | Mem:0.00M, Peak:0.00M | Scene, ViewLayer | Initializing
Fra:13 Mem:14.75M (Peak 15.92M) | Time:00:00.00 | Mem:0.00M, Peak:0.00M | Scene, ViewLayer | Waiting for render to start
Fra:13 Mem:14.75M (Peak 15.92M) | Time:00:00.00 | Mem:0.00M, Peak:0.00M | Scene, ViewLayer | Loading render kernels (may take a few minutes the first time)
Fra:13 Mem:14.75M (Peak 15.92M) | Time:00:00.00 | Mem:0.00M, Peak:0.00M | Scene, ViewLayer | Updating Scene
Fra:13 Mem:14.75M (Peak 15.92M) | Time:00:00.00 | Mem:0.00M, Peak:0.00M | Scene, ViewLayer | Updating Shaders
Fra:13 Mem:14.84M (Peak 15.92M) | Time:00:00.00 | Mem:0.01M, Peak:0.01M | Scene, ViewLayer | Updating Procedurals
Fra:13 Mem:14.84M (Peak 15.92M) | Time:00:00.00 | Mem:0.01M, Peak:0.01M | Scene, ViewLayer | Updating Background
Fra:13 Mem:14.84M (Peak 15.92M) | Time:00:00.00 | Mem:0.01M, Peak:0.01M | Scene, ViewLayer | Updating Camera
Fra:13 Mem:14.84M (Peak 15.92M) | Time:00:00.00 | Mem:0.01M, Peak:0.01M | Scene, ViewLayer | Updating Meshes Flags
Fra:13 Mem:14.84M (Peak 15.92M) | Time:00:00.00 | Mem:0.01M, Peak:0.01M | Scene, ViewLayer | Updating Objects
Fra:13 Mem:14.84M (Peak 15.92M) | Time:00:00.00 | Mem:0.01M, Peak:0.01M | Scene, ViewLayer | Updating Objects | Copying Transformations to device
Fra:13 Mem:14.84M (Peak 15.92M) | Time:00:00.00 | Mem:0.01M, Peak:0.01M | Scene, ViewLayer | Updating Objects | Applying Static Transformations
Fra:13 Mem:14.84M (Peak 15.92M) | Time:00:00.00 | Mem:0.01M, Peak:0.01M | Scene, ViewLayer | Updating Particle Systems
Fra:13 Mem:14.84M (Peak 15.92M) | Time:00:00.00 | Mem:0.01M, Peak:0.01M | Scene, ViewLayer | Updating Particle Systems | Copying Particles to device
Fra:13 Mem:14.84M (Peak 15.92M) | Time:00:00.00 | Mem:0.01M, Peak:0.01M | Scene, ViewLayer | Updating Meshes
Fra:13 Mem:14.85M (Peak 15.92M) | Time:00:00.00 | Mem:0.01M, Peak:0.01M | Scene, ViewLayer | Updating Mesh | Computing attributes
Fra:13 Mem:14.85M (Peak 15.92M) | Time:00:00.00 | Mem:0.01M, Peak:0.01M | Scene, ViewLayer | Updating Mesh | Copying Attributes to device
Fra:13 Mem:14.85M (Peak 15.92M) | Time:00:00.00 | Mem:0.02M, Peak:0.02M | Scene, ViewLayer | Updating Scene BVH | Building
Fra:13 Mem:14.85M (Peak 15.92M) | Time:00:00.00 | Mem:0.02M, Peak:0.02M | Scene, ViewLayer | Updating Scene BVH | Building BVH
Fra:13 Mem:14.85M (Peak 15.92M) | Time:00:00.00 | Mem:0.03M, Peak:0.03M | Scene, ViewLayer | Updating Scene BVH | Building BVH 0%
Fra:13 Mem:14.85M (Peak 15.92M) | Time:00:00.00 | Mem:0.05M, Peak:0.07M | Scene, ViewLayer | Updating Scene BVH | Copying BVH to device
Fra:13 Mem:14.85M (Peak 15.92M) | Time:00:00.00 | Mem:0.05M, Peak:0.07M | Scene, ViewLayer | Updating Mesh | Computing normals
Fra:13 Mem:14.87M (Peak 15.92M) | Time:00:00.00 | Mem:0.05M, Peak:0.07M | Scene, ViewLayer | Updating Mesh | Copying Mesh to device
Fra:13 Mem:14.87M (Peak 15.92M) | Time:00:00.00 | Mem:0.07M, Peak:0.07M | Scene, ViewLayer | Updating Objects Flags
Fra:13 Mem:14.87M (Peak 15.92M) | Time:00:00.00 | Mem:0.07M, Peak:0.07M | Scene, ViewLayer | Updating Primitive Offsets
Fra:13 Mem:14.87M (Peak 15.92M) | Time:00:00.00 | Mem:0.07M, Peak:0.07M | Scene, ViewLayer | Updating Images
Fra:13 Mem:14.87M (Peak 15.92M) | Time:00:00.00 | Mem:0.07M, Peak:0.07M | Scene, ViewLayer | Updating Camera Volume
Fra:13 Mem:14.87M (Peak 15.92M) | Time:00:00.00 | Mem:0.07M, Peak:0.07M | Scene, ViewLayer | Updating Lookup Tables
Fra:13 Mem:14.87M (Peak 15.92M) | Time:00:00.00 | Mem:0.15M, Peak:0.15M | Scene, ViewLayer | Updating Lights
Fra:13 Mem:14.87M (Peak 15.92M) | Time:00:00.00 | Mem:0.15M, Peak:0.15M | Scene, ViewLayer | Updating Lights | Computing tree
Fra:13 Mem:14.87M (Peak 15.92M) | Time:00:00.00 | Mem:0.15M, Peak:0.15M | Scene, ViewLayer | Updating Integrator
Fra:13 Mem:14.87M (Peak 15.92M) | Time:00:00.00 | Mem:0.15M, Peak:0.15M | Scene, ViewLayer | Updating Film
Fra:13 Mem:14.88M (Peak 15.92M) | Time:00:00.00 | Mem:0.07M, Peak:0.15M | Scene, ViewLayer | Updating Lookup Tables
Fra:13 Mem:14.88M (Peak 15.92M) | Time:00:00.00 | Mem:0.16M, Peak:0.16M | Scene, ViewLayer | Updating Baking
Fra:13 Mem:14.88M (Peak 15.92M) | Time:00:00.00 | Mem:0.16M, Peak:0.16M | Scene, ViewLayer | Updating Device | Writing constant memory
Fra:13 Mem:14.88M (Peak 15.92M) | Time:00:00.00 | Mem:0.16M, Peak:0.16M | Scene, ViewLayer | Loading denoising kernels (may take a few minutes the first time)
Fra:13 Mem:14.88M (Peak 15.92M) | Time:00:00.00 | Mem:0.16M, Peak:0.16M | Scene, ViewLayer | Sample 0/8
Fra:13 Mem:31.77M (Peak 31.77M) | Time:00:00.06 | Remaining:00:00.41 | Mem:16.86M, Peak:16.86M | Scene, ViewLayer | Sample 1/8
Fra:13 Mem:38.80M (Peak 49.35M) | Time:00:01.34 | Mem:16.86M, Peak:16.86M | Scene, ViewLayer | Sample 8/8
Fra:13 Mem:38.80M (Peak 49.35M) | Time:00:01.34 | Mem:16.86M, Peak:16.86M | Scene, ViewLayer | Finished
Saved: 'D:\projects\njin\src\games\sandtable\assets\characters\clay_people\generated\walk_frames\008.png'
Time: 00:01.36 (Saving: 00:00.02)

Fra:14 Mem:15.88M (Peak 15.88M) | Time:00:00.00 | Mem:0.00M, Peak:0.00M | Scene, ViewLayer | Synchronizing object | STUDIO_Ground
Fra:14 Mem:15.88M (Peak 15.88M) | Time:00:00.00 | Mem:0.00M, Peak:0.00M | Scene, ViewLayer | Synchronizing object | reference
Fra:14 Mem:15.92M (Peak 15.92M) | Time:00:00.00 | Mem:0.00M, Peak:0.00M | Scene, ViewLayer | Initializing
Fra:14 Mem:14.75M (Peak 15.92M) | Time:00:00.00 | Mem:0.00M, Peak:0.00M | Scene, ViewLayer | Waiting for render to start
Fra:14 Mem:14.75M (Peak 15.92M) | Time:00:00.00 | Mem:0.00M, Peak:0.00M | Scene, ViewLayer | Loading render kernels (may take a few minutes the first time)
Fra:14 Mem:14.75M (Peak 15.92M) | Time:00:00.00 | Mem:0.00M, Peak:0.00M | Scene, ViewLayer | Updating Scene
Fra:14 Mem:14.75M (Peak 15.92M) | Time:00:00.00 | Mem:0.00M, Peak:0.00M | Scene, ViewLayer | Updating Shaders
Fra:14 Mem:14.84M (Peak 15.92M) | Time:00:00.00 | Mem:0.01M, Peak:0.01M | Scene, ViewLayer | Updating Procedurals
Fra:14 Mem:14.84M (Peak 15.92M) | Time:00:00.00 | Mem:0.01M, Peak:0.01M | Scene, ViewLayer | Updating Background
Fra:14 Mem:14.84M (Peak 15.92M) | Time:00:00.00 | Mem:0.01M, Peak:0.01M | Scene, ViewLayer | Updating Camera
Fra:14 Mem:14.84M (Peak 15.92M) | Time:00:00.00 | Mem:0.01M, Peak:0.01M | Scene, ViewLayer | Updating Meshes Flags
Fra:14 Mem:14.84M (Peak 15.92M) | Time:00:00.00 | Mem:0.01M, Peak:0.01M | Scene, ViewLayer | Updating Objects
Fra:14 Mem:14.84M (Peak 15.92M) | Time:00:00.00 | Mem:0.01M, Peak:0.01M | Scene, ViewLayer | Updating Objects | Copying Transformations to device
Fra:14 Mem:14.84M (Peak 15.92M) | Time:00:00.00 | Mem:0.01M, Peak:0.01M | Scene, ViewLayer | Updating Objects | Applying Static Transformations
Fra:14 Mem:14.84M (Peak 15.92M) | Time:00:00.00 | Mem:0.01M, Peak:0.01M | Scene, ViewLayer | Updating Particle Systems
Fra:14 Mem:14.84M (Peak 15.92M) | Time:00:00.00 | Mem:0.01M, Peak:0.01M | Scene, ViewLayer | Updating Particle Systems | Copying Particles to device
Fra:14 Mem:14.84M (Peak 15.92M) | Time:00:00.00 | Mem:0.01M, Peak:0.01M | Scene, ViewLayer | Updating Meshes
Fra:14 Mem:14.85M (Peak 15.92M) | Time:00:00.00 | Mem:0.01M, Peak:0.01M | Scene, ViewLayer | Updating Mesh | Computing attributes
Fra:14 Mem:14.85M (Peak 15.92M) | Time:00:00.00 | Mem:0.01M, Peak:0.01M | Scene, ViewLayer | Updating Mesh | Copying Attributes to device
Fra:14 Mem:14.85M (Peak 15.92M) | Time:00:00.00 | Mem:0.02M, Peak:0.02M | Scene, ViewLayer | Updating Scene BVH | Building
Fra:14 Mem:14.85M (Peak 15.92M) | Time:00:00.00 | Mem:0.02M, Peak:0.02M | Scene, ViewLayer | Updating Scene BVH | Building BVH
Fra:14 Mem:14.85M (Peak 15.92M) | Time:00:00.00 | Mem:0.03M, Peak:0.03M | Scene, ViewLayer | Updating Scene BVH | Building BVH 0%
Fra:14 Mem:14.85M (Peak 15.92M) | Time:00:00.00 | Mem:0.05M, Peak:0.07M | Scene, ViewLayer | Updating Scene BVH | Copying BVH to device
Fra:14 Mem:14.85M (Peak 15.92M) | Time:00:00.00 | Mem:0.05M, Peak:0.07M | Scene, ViewLayer | Updating Mesh | Computing normals
Fra:14 Mem:14.87M (Peak 15.92M) | Time:00:00.00 | Mem:0.05M, Peak:0.07M | Scene, ViewLayer | Updating Mesh | Copying Mesh to device
Fra:14 Mem:14.87M (Peak 15.92M) | Time:00:00.00 | Mem:0.07M, Peak:0.07M | Scene, ViewLayer | Updating Objects Flags
Fra:14 Mem:14.87M (Peak 15.92M) | Time:00:00.00 | Mem:0.07M, Peak:0.07M | Scene, ViewLayer | Updating Primitive Offsets
Fra:14 Mem:14.87M (Peak 15.92M) | Time:00:00.00 | Mem:0.07M, Peak:0.07M | Scene, ViewLayer | Updating Images
Fra:14 Mem:14.87M (Peak 15.92M) | Time:00:00.00 | Mem:0.07M, Peak:0.07M | Scene, ViewLayer | Updating Camera Volume
Fra:14 Mem:14.87M (Peak 15.92M) | Time:00:00.00 | Mem:0.07M, Peak:0.07M | Scene, ViewLayer | Updating Lookup Tables
Fra:14 Mem:14.87M (Peak 15.92M) | Time:00:00.00 | Mem:0.15M, Peak:0.15M | Scene, ViewLayer | Updating Lights
Fra:14 Mem:14.87M (Peak 15.92M) | Time:00:00.00 | Mem:0.15M, Peak:0.15M | Scene, ViewLayer | Updating Lights | Computing tree
Fra:14 Mem:14.87M (Peak 15.92M) | Time:00:00.00 | Mem:0.15M, Peak:0.15M | Scene, ViewLayer | Updating Integrator
Fra:14 Mem:14.87M (Peak 15.92M) | Time:00:00.00 | Mem:0.15M, Peak:0.15M | Scene, ViewLayer | Updating Film
Fra:14 Mem:14.88M (Peak 15.92M) | Time:00:00.00 | Mem:0.07M, Peak:0.15M | Scene, ViewLayer | Updating Lookup Tables
Fra:14 Mem:14.88M (Peak 15.92M) | Time:00:00.00 | Mem:0.16M, Peak:0.16M | Scene, ViewLayer | Updating Baking
Fra:14 Mem:14.88M (Peak 15.92M) | Time:00:00.00 | Mem:0.16M, Peak:0.16M | Scene, ViewLayer | Updating Device | Writing constant memory
Fra:14 Mem:14.88M (Peak 15.92M) | Time:00:00.00 | Mem:0.16M, Peak:0.16M | Scene, ViewLayer | Loading denoising kernels (may take a few minutes the first time)
Fra:14 Mem:14.88M (Peak 15.92M) | Time:00:00.00 | Mem:0.16M, Peak:0.16M | Scene, ViewLayer | Sample 0/8
Fra:14 Mem:31.77M (Peak 31.77M) | Time:00:00.06 | Remaining:00:00.39 | Mem:16.86M, Peak:16.86M | Scene, ViewLayer | Sample 1/8
Fra:14 Mem:38.80M (Peak 49.35M) | Time:00:01.31 | Mem:16.86M, Peak:16.86M | Scene, ViewLayer | Sample 8/8
Fra:14 Mem:38.80M (Peak 49.35M) | Time:00:01.31 | Mem:16.86M, Peak:16.86M | Scene, ViewLayer | Finished
Saved: 'D:\projects\njin\src\games\sandtable\assets\characters\clay_people\generated\walk_frames\009.png'
Time: 00:01.34 (Saving: 00:00.03)

Fra:16 Mem:15.88M (Peak 15.88M) | Time:00:00.00 | Mem:0.00M, Peak:0.00M | Scene, ViewLayer | Synchronizing object | STUDIO_Ground
Fra:16 Mem:15.88M (Peak 15.88M) | Time:00:00.00 | Mem:0.00M, Peak:0.00M | Scene, ViewLayer | Synchronizing object | reference
Fra:16 Mem:15.92M (Peak 15.92M) | Time:00:00.00 | Mem:0.00M, Peak:0.00M | Scene, ViewLayer | Initializing
Fra:16 Mem:14.75M (Peak 15.92M) | Time:00:00.00 | Mem:0.00M, Peak:0.00M | Scene, ViewLayer | Waiting for render to start
Fra:16 Mem:14.75M (Peak 15.92M) | Time:00:00.00 | Mem:0.00M, Peak:0.00M | Scene, ViewLayer | Loading render kernels (may take a few minutes the first time)
Fra:16 Mem:14.75M (Peak 15.92M) | Time:00:00.00 | Mem:0.00M, Peak:0.00M | Scene, ViewLayer | Updating Scene
Fra:16 Mem:14.75M (Peak 15.92M) | Time:00:00.00 | Mem:0.00M, Peak:0.00M | Scene, ViewLayer | Updating Shaders
Fra:16 Mem:14.84M (Peak 15.92M) | Time:00:00.00 | Mem:0.01M, Peak:0.01M | Scene, ViewLayer | Updating Procedurals
Fra:16 Mem:14.84M (Peak 15.92M) | Time:00:00.00 | Mem:0.01M, Peak:0.01M | Scene, ViewLayer | Updating Background
Fra:16 Mem:14.84M (Peak 15.92M) | Time:00:00.00 | Mem:0.01M, Peak:0.01M | Scene, ViewLayer | Updating Camera
Fra:16 Mem:14.84M (Peak 15.92M) | Time:00:00.00 | Mem:0.01M, Peak:0.01M | Scene, ViewLayer | Updating Meshes Flags
Fra:16 Mem:14.84M (Peak 15.92M) | Time:00:00.00 | Mem:0.01M, Peak:0.01M | Scene, ViewLayer | Updating Objects
Fra:16 Mem:14.84M (Peak 15.92M) | Time:00:00.00 | Mem:0.01M, Peak:0.01M | Scene, ViewLayer | Updating Objects | Copying Transformations to device
Fra:16 Mem:14.84M (Peak 15.92M) | Time:00:00.00 | Mem:0.01M, Peak:0.01M | Scene, ViewLayer | Updating Objects | Applying Static Transformations
Fra:16 Mem:14.84M (Peak 15.92M) | Time:00:00.00 | Mem:0.01M, Peak:0.01M | Scene, ViewLayer | Updating Particle Systems
Fra:16 Mem:14.84M (Peak 15.92M) | Time:00:00.00 | Mem:0.01M, Peak:0.01M | Scene, ViewLayer | Updating Particle Systems | Copying Particles to device
Fra:16 Mem:14.84M (Peak 15.92M) | Time:00:00.00 | Mem:0.01M, Peak:0.01M | Scene, ViewLayer | Updating Meshes
Fra:16 Mem:14.85M (Peak 15.92M) | Time:00:00.00 | Mem:0.01M, Peak:0.01M | Scene, ViewLayer | Updating Mesh | Computing attributes
Fra:16 Mem:14.85M (Peak 15.92M) | Time:00:00.00 | Mem:0.01M, Peak:0.01M | Scene, ViewLayer | Updating Mesh | Copying Attributes to device
Fra:16 Mem:14.85M (Peak 15.92M) | Time:00:00.00 | Mem:0.02M, Peak:0.02M | Scene, ViewLayer | Updating Scene BVH | Building
Fra:16 Mem:14.85M (Peak 15.92M) | Time:00:00.00 | Mem:0.02M, Peak:0.02M | Scene, ViewLayer | Updating Scene BVH | Building BVH
Fra:16 Mem:14.85M (Peak 15.92M) | Time:00:00.00 | Mem:0.03M, Peak:0.03M | Scene, ViewLayer | Updating Scene BVH | Building BVH 0%
Fra:16 Mem:14.85M (Peak 15.92M) | Time:00:00.00 | Mem:0.05M, Peak:0.07M | Scene, ViewLayer | Updating Scene BVH | Copying BVH to device
Fra:16 Mem:14.85M (Peak 15.92M) | Time:00:00.00 | Mem:0.05M, Peak:0.07M | Scene, ViewLayer | Updating Mesh | Computing normals
Fra:16 Mem:14.87M (Peak 15.92M) | Time:00:00.00 | Mem:0.05M, Peak:0.07M | Scene, ViewLayer | Updating Mesh | Copying Mesh to device
Fra:16 Mem:14.87M (Peak 15.92M) | Time:00:00.00 | Mem:0.07M, Peak:0.07M | Scene, ViewLayer | Updating Objects Flags
Fra:16 Mem:14.87M (Peak 15.92M) | Time:00:00.00 | Mem:0.07M, Peak:0.07M | Scene, ViewLayer | Updating Primitive Offsets
Fra:16 Mem:14.87M (Peak 15.92M) | Time:00:00.00 | Mem:0.07M, Peak:0.07M | Scene, ViewLayer | Updating Images
Fra:16 Mem:14.87M (Peak 15.92M) | Time:00:00.00 | Mem:0.07M, Peak:0.07M | Scene, ViewLayer | Updating Camera Volume
Fra:16 Mem:14.87M (Peak 15.92M) | Time:00:00.00 | Mem:0.07M, Peak:0.07M | Scene, ViewLayer | Updating Lookup Tables
Fra:16 Mem:14.87M (Peak 15.92M) | Time:00:00.00 | Mem:0.15M, Peak:0.15M | Scene, ViewLayer | Updating Lights
Fra:16 Mem:14.87M (Peak 15.92M) | Time:00:00.00 | Mem:0.15M, Peak:0.15M | Scene, ViewLayer | Updating Lights | Computing tree
Fra:16 Mem:14.87M (Peak 15.92M) | Time:00:00.00 | Mem:0.15M, Peak:0.15M | Scene, ViewLayer | Updating Integrator
Fra:16 Mem:14.87M (Peak 15.92M) | Time:00:00.00 | Mem:0.15M, Peak:0.15M | Scene, ViewLayer | Updating Film
Fra:16 Mem:14.88M (Peak 15.92M) | Time:00:00.00 | Mem:0.07M, Peak:0.15M | Scene, ViewLayer | Updating Lookup Tables
Fra:16 Mem:14.88M (Peak 15.92M) | Time:00:00.00 | Mem:0.16M, Peak:0.16M | Scene, ViewLayer | Updating Baking
Fra:16 Mem:14.88M (Peak 15.92M) | Time:00:00.00 | Mem:0.16M, Peak:0.16M | Scene, ViewLayer | Updating Device | Writing constant memory
Fra:16 Mem:14.88M (Peak 15.92M) | Time:00:00.00 | Mem:0.16M, Peak:0.16M | Scene, ViewLayer | Loading denoising kernels (may take a few minutes the first time)
Fra:16 Mem:14.88M (Peak 15.92M) | Time:00:00.00 | Mem:0.16M, Peak:0.16M | Scene, ViewLayer | Sample 0/8
Fra:16 Mem:31.77M (Peak 31.77M) | Time:00:00.05 | Remaining:00:00.38 | Mem:16.86M, Peak:16.86M | Scene, ViewLayer | Sample 1/8
Fra:16 Mem:38.80M (Peak 49.35M) | Time:00:01.32 | Mem:16.86M, Peak:16.86M | Scene, ViewLayer | Sample 8/8
Fra:16 Mem:38.80M (Peak 49.35M) | Time:00:01.32 | Mem:16.86M, Peak:16.86M | Scene, ViewLayer | Finished
Saved: 'D:\projects\njin\src\games\sandtable\assets\characters\clay_people\generated\walk_frames\010.png'
Time: 00:01.35 (Saving: 00:00.02)

Fra:17 Mem:15.88M (Peak 15.88M) | Time:00:00.00 | Mem:0.00M, Peak:0.00M | Scene, ViewLayer | Synchronizing object | STUDIO_Ground
Fra:17 Mem:15.88M (Peak 15.88M) | Time:00:00.00 | Mem:0.00M, Peak:0.00M | Scene, ViewLayer | Synchronizing object | reference
Fra:17 Mem:15.92M (Peak 15.92M) | Time:00:00.00 | Mem:0.00M, Peak:0.00M | Scene, ViewLayer | Initializing
Fra:17 Mem:14.75M (Peak 15.92M) | Time:00:00.00 | Mem:0.00M, Peak:0.00M | Scene, ViewLayer | Waiting for render to start
Fra:17 Mem:14.75M (Peak 15.92M) | Time:00:00.00 | Mem:0.00M, Peak:0.00M | Scene, ViewLayer | Loading render kernels (may take a few minutes the first time)
Fra:17 Mem:14.75M (Peak 15.92M) | Time:00:00.00 | Mem:0.00M, Peak:0.00M | Scene, ViewLayer | Updating Scene
Fra:17 Mem:14.75M (Peak 15.92M) | Time:00:00.00 | Mem:0.00M, Peak:0.00M | Scene, ViewLayer | Updating Shaders
Fra:17 Mem:14.84M (Peak 15.92M) | Time:00:00.00 | Mem:0.01M, Peak:0.01M | Scene, ViewLayer | Updating Procedurals
Fra:17 Mem:14.84M (Peak 15.92M) | Time:00:00.00 | Mem:0.01M, Peak:0.01M | Scene, ViewLayer | Updating Background
Fra:17 Mem:14.84M (Peak 15.92M) | Time:00:00.00 | Mem:0.01M, Peak:0.01M | Scene, ViewLayer | Updating Camera
Fra:17 Mem:14.84M (Peak 15.92M) | Time:00:00.00 | Mem:0.01M, Peak:0.01M | Scene, ViewLayer | Updating Meshes Flags
Fra:17 Mem:14.84M (Peak 15.92M) | Time:00:00.00 | Mem:0.01M, Peak:0.01M | Scene, ViewLayer | Updating Objects
Fra:17 Mem:14.84M (Peak 15.92M) | Time:00:00.00 | Mem:0.01M, Peak:0.01M | Scene, ViewLayer | Updating Objects | Copying Transformations to device
Fra:17 Mem:14.84M (Peak 15.92M) | Time:00:00.00 | Mem:0.01M, Peak:0.01M | Scene, ViewLayer | Updating Objects | Applying Static Transformations
Fra:17 Mem:14.84M (Peak 15.92M) | Time:00:00.00 | Mem:0.01M, Peak:0.01M | Scene, ViewLayer | Updating Particle Systems
Fra:17 Mem:14.84M (Peak 15.92M) | Time:00:00.00 | Mem:0.01M, Peak:0.01M | Scene, ViewLayer | Updating Particle Systems | Copying Particles to device
Fra:17 Mem:14.84M (Peak 15.92M) | Time:00:00.00 | Mem:0.01M, Peak:0.01M | Scene, ViewLayer | Updating Meshes
Fra:17 Mem:14.85M (Peak 15.92M) | Time:00:00.00 | Mem:0.01M, Peak:0.01M | Scene, ViewLayer | Updating Mesh | Computing attributes
Fra:17 Mem:14.85M (Peak 15.92M) | Time:00:00.00 | Mem:0.01M, Peak:0.01M | Scene, ViewLayer | Updating Mesh | Copying Attributes to device
Fra:17 Mem:14.85M (Peak 15.92M) | Time:00:00.00 | Mem:0.02M, Peak:0.02M | Scene, ViewLayer | Updating Scene BVH | Building
Fra:17 Mem:14.85M (Peak 15.92M) | Time:00:00.00 | Mem:0.02M, Peak:0.02M | Scene, ViewLayer | Updating Scene BVH | Building BVH
Fra:17 Mem:14.85M (Peak 15.92M) | Time:00:00.00 | Mem:0.03M, Peak:0.03M | Scene, ViewLayer | Updating Scene BVH | Building BVH 0%
Fra:17 Mem:14.85M (Peak 15.92M) | Time:00:00.00 | Mem:0.05M, Peak:0.07M | Scene, ViewLayer | Updating Scene BVH | Copying BVH to device
Fra:17 Mem:14.85M (Peak 15.92M) | Time:00:00.00 | Mem:0.05M, Peak:0.07M | Scene, ViewLayer | Updating Mesh | Computing normals
Fra:17 Mem:14.87M (Peak 15.92M) | Time:00:00.00 | Mem:0.05M, Peak:0.07M | Scene, ViewLayer | Updating Mesh | Copying Mesh to device
Fra:17 Mem:14.87M (Peak 15.92M) | Time:00:00.00 | Mem:0.07M, Peak:0.07M | Scene, ViewLayer | Updating Objects Flags
Fra:17 Mem:14.87M (Peak 15.92M) | Time:00:00.00 | Mem:0.07M, Peak:0.07M | Scene, ViewLayer | Updating Primitive Offsets
Fra:17 Mem:14.87M (Peak 15.92M) | Time:00:00.00 | Mem:0.07M, Peak:0.07M | Scene, ViewLayer | Updating Images
Fra:17 Mem:14.87M (Peak 15.92M) | Time:00:00.00 | Mem:0.07M, Peak:0.07M | Scene, ViewLayer | Updating Camera Volume
Fra:17 Mem:14.87M (Peak 15.92M) | Time:00:00.00 | Mem:0.07M, Peak:0.07M | Scene, ViewLayer | Updating Lookup Tables
Fra:17 Mem:14.87M (Peak 15.92M) | Time:00:00.00 | Mem:0.15M, Peak:0.15M | Scene, ViewLayer | Updating Lights
Fra:17 Mem:14.87M (Peak 15.92M) | Time:00:00.00 | Mem:0.15M, Peak:0.15M | Scene, ViewLayer | Updating Lights | Computing tree
Fra:17 Mem:14.87M (Peak 15.92M) | Time:00:00.00 | Mem:0.15M, Peak:0.15M | Scene, ViewLayer | Updating Integrator
Fra:17 Mem:14.87M (Peak 15.92M) | Time:00:00.00 | Mem:0.15M, Peak:0.15M | Scene, ViewLayer | Updating Film
Fra:17 Mem:14.88M (Peak 15.92M) | Time:00:00.00 | Mem:0.07M, Peak:0.15M | Scene, ViewLayer | Updating Lookup Tables
Fra:17 Mem:14.88M (Peak 15.92M) | Time:00:00.00 | Mem:0.16M, Peak:0.16M | Scene, ViewLayer | Updating Baking
Fra:17 Mem:14.88M (Peak 15.92M) | Time:00:00.00 | Mem:0.16M, Peak:0.16M | Scene, ViewLayer | Updating Device | Writing constant memory
Fra:17 Mem:14.88M (Peak 15.92M) | Time:00:00.00 | Mem:0.16M, Peak:0.16M | Scene, ViewLayer | Loading denoising kernels (may take a few minutes the first time)
Fra:17 Mem:14.88M (Peak 15.92M) | Time:00:00.00 | Mem:0.16M, Peak:0.16M | Scene, ViewLayer | Sample 0/8
Fra:17 Mem:31.77M (Peak 31.77M) | Time:00:00.05 | Remaining:00:00.38 | Mem:16.86M, Peak:16.86M | Scene, ViewLayer | Sample 1/8
Fra:17 Mem:38.80M (Peak 49.35M) | Time:00:01.35 | Mem:16.86M, Peak:16.86M | Scene, ViewLayer | Sample 8/8
Fra:17 Mem:38.80M (Peak 49.35M) | Time:00:01.35 | Mem:16.86M, Peak:16.86M | Scene, ViewLayer | Finished
Saved: 'D:\projects\njin\src\games\sandtable\assets\characters\clay_people\generated\walk_frames\011.png'
Time: 00:01.38 (Saving: 00:00.02)

Fra:19 Mem:15.88M (Peak 15.88M) | Time:00:00.00 | Mem:0.00M, Peak:0.00M | Scene, ViewLayer | Synchronizing object | STUDIO_Ground
Fra:19 Mem:15.88M (Peak 15.88M) | Time:00:00.00 | Mem:0.00M, Peak:0.00M | Scene, ViewLayer | Synchronizing object | reference
Fra:19 Mem:15.92M (Peak 15.92M) | Time:00:00.00 | Mem:0.00M, Peak:0.00M | Scene, ViewLayer | Initializing
Fra:19 Mem:14.75M (Peak 15.92M) | Time:00:00.00 | Mem:0.00M, Peak:0.00M | Scene, ViewLayer | Waiting for render to start
Fra:19 Mem:14.75M (Peak 15.92M) | Time:00:00.00 | Mem:0.00M, Peak:0.00M | Scene, ViewLayer | Loading render kernels (may take a few minutes the first time)
Fra:19 Mem:14.75M (Peak 15.92M) | Time:00:00.00 | Mem:0.00M, Peak:0.00M | Scene, ViewLayer | Updating Scene
Fra:19 Mem:14.75M (Peak 15.92M) | Time:00:00.00 | Mem:0.00M, Peak:0.00M | Scene, ViewLayer | Updating Shaders
Fra:19 Mem:14.84M (Peak 15.92M) | Time:00:00.00 | Mem:0.01M, Peak:0.01M | Scene, ViewLayer | Updating Procedurals
Fra:19 Mem:14.84M (Peak 15.92M) | Time:00:00.00 | Mem:0.01M, Peak:0.01M | Scene, ViewLayer | Updating Background
Fra:19 Mem:14.84M (Peak 15.92M) | Time:00:00.00 | Mem:0.01M, Peak:0.01M | Scene, ViewLayer | Updating Camera
Fra:19 Mem:14.84M (Peak 15.92M) | Time:00:00.00 | Mem:0.01M, Peak:0.01M | Scene, ViewLayer | Updating Meshes Flags
Fra:19 Mem:14.84M (Peak 15.92M) | Time:00:00.00 | Mem:0.01M, Peak:0.01M | Scene, ViewLayer | Updating Objects
Fra:19 Mem:14.84M (Peak 15.92M) | Time:00:00.00 | Mem:0.01M, Peak:0.01M | Scene, ViewLayer | Updating Objects | Copying Transformations to device
Fra:19 Mem:14.84M (Peak 15.92M) | Time:00:00.00 | Mem:0.01M, Peak:0.01M | Scene, ViewLayer | Updating Objects | Applying Static Transformations
Fra:19 Mem:14.84M (Peak 15.92M) | Time:00:00.00 | Mem:0.01M, Peak:0.01M | Scene, ViewLayer | Updating Particle Systems
Fra:19 Mem:14.84M (Peak 15.92M) | Time:00:00.00 | Mem:0.01M, Peak:0.01M | Scene, ViewLayer | Updating Particle Systems | Copying Particles to device
Fra:19 Mem:14.84M (Peak 15.92M) | Time:00:00.00 | Mem:0.01M, Peak:0.01M | Scene, ViewLayer | Updating Meshes
Fra:19 Mem:14.85M (Peak 15.92M) | Time:00:00.00 | Mem:0.01M, Peak:0.01M | Scene, ViewLayer | Updating Mesh | Computing attributes
Fra:19 Mem:14.85M (Peak 15.92M) | Time:00:00.00 | Mem:0.01M, Peak:0.01M | Scene, ViewLayer | Updating Mesh | Copying Attributes to device
Fra:19 Mem:14.85M (Peak 15.92M) | Time:00:00.00 | Mem:0.02M, Peak:0.02M | Scene, ViewLayer | Updating Scene BVH | Building
Fra:19 Mem:14.85M (Peak 15.92M) | Time:00:00.00 | Mem:0.02M, Peak:0.02M | Scene, ViewLayer | Updating Scene BVH | Building BVH
Fra:19 Mem:14.85M (Peak 15.92M) | Time:00:00.00 | Mem:0.03M, Peak:0.03M | Scene, ViewLayer | Updating Scene BVH | Building BVH 0%
Fra:19 Mem:14.85M (Peak 15.92M) | Time:00:00.00 | Mem:0.05M, Peak:0.07M | Scene, ViewLayer | Updating Scene BVH | Copying BVH to device
Fra:19 Mem:14.85M (Peak 15.92M) | Time:00:00.00 | Mem:0.05M, Peak:0.07M | Scene, ViewLayer | Updating Mesh | Computing normals
Fra:19 Mem:14.87M (Peak 15.92M) | Time:00:00.00 | Mem:0.05M, Peak:0.07M | Scene, ViewLayer | Updating Mesh | Copying Mesh to device
Fra:19 Mem:14.87M (Peak 15.92M) | Time:00:00.00 | Mem:0.07M, Peak:0.07M | Scene, ViewLayer | Updating Objects Flags
Fra:19 Mem:14.87M (Peak 15.92M) | Time:00:00.00 | Mem:0.07M, Peak:0.07M | Scene, ViewLayer | Updating Primitive Offsets
Fra:19 Mem:14.87M (Peak 15.92M) | Time:00:00.00 | Mem:0.07M, Peak:0.07M | Scene, ViewLayer | Updating Images
Fra:19 Mem:14.87M (Peak 15.92M) | Time:00:00.00 | Mem:0.07M, Peak:0.07M | Scene, ViewLayer | Updating Camera Volume
Fra:19 Mem:14.87M (Peak 15.92M) | Time:00:00.00 | Mem:0.07M, Peak:0.07M | Scene, ViewLayer | Updating Lookup Tables
Fra:19 Mem:14.87M (Peak 15.92M) | Time:00:00.00 | Mem:0.15M, Peak:0.15M | Scene, ViewLayer | Updating Lights
Fra:19 Mem:14.87M (Peak 15.92M) | Time:00:00.00 | Mem:0.15M, Peak:0.15M | Scene, ViewLayer | Updating Lights | Computing tree
Fra:19 Mem:14.87M (Peak 15.92M) | Time:00:00.00 | Mem:0.15M, Peak:0.15M | Scene, ViewLayer | Updating Integrator
Fra:19 Mem:14.87M (Peak 15.92M) | Time:00:00.00 | Mem:0.15M, Peak:0.15M | Scene, ViewLayer | Updating Film
Fra:19 Mem:14.88M (Peak 15.92M) | Time:00:00.00 | Mem:0.07M, Peak:0.15M | Scene, ViewLayer | Updating Lookup Tables
Fra:19 Mem:14.88M (Peak 15.92M) | Time:00:00.00 | Mem:0.16M, Peak:0.16M | Scene, ViewLayer | Updating Baking
Fra:19 Mem:14.88M (Peak 15.92M) | Time:00:00.00 | Mem:0.16M, Peak:0.16M | Scene, ViewLayer | Updating Device | Writing constant memory
Fra:19 Mem:14.88M (Peak 15.92M) | Time:00:00.00 | Mem:0.16M, Peak:0.16M | Scene, ViewLayer | Loading denoising kernels (may take a few minutes the first time)
Fra:19 Mem:14.88M (Peak 15.92M) | Time:00:00.00 | Mem:0.16M, Peak:0.16M | Scene, ViewLayer | Sample 0/8
Fra:19 Mem:31.77M (Peak 31.77M) | Time:00:00.06 | Remaining:00:00.39 | Mem:16.86M, Peak:16.86M | Scene, ViewLayer | Sample 1/8
Fra:19 Mem:38.80M (Peak 49.35M) | Time:00:01.35 | Mem:16.86M, Peak:16.86M | Scene, ViewLayer | Sample 8/8
Fra:19 Mem:38.80M (Peak 49.35M) | Time:00:01.35 | Mem:16.86M, Peak:16.86M | Scene, ViewLayer | Finished
Saved: 'D:\projects\njin\src\games\sandtable\assets\characters\clay_people\generated\walk_frames\012.png'
Time: 00:01.37 (Saving: 00:00.02)

Fra:20 Mem:15.88M (Peak 15.88M) | Time:00:00.00 | Mem:0.00M, Peak:0.00M | Scene, ViewLayer | Synchronizing object | STUDIO_Ground
Fra:20 Mem:15.88M (Peak 15.88M) | Time:00:00.00 | Mem:0.00M, Peak:0.00M | Scene, ViewLayer | Synchronizing object | reference
Fra:20 Mem:15.92M (Peak 15.92M) | Time:00:00.00 | Mem:0.00M, Peak:0.00M | Scene, ViewLayer | Initializing
Fra:20 Mem:14.75M (Peak 15.92M) | Time:00:00.00 | Mem:0.00M, Peak:0.00M | Scene, ViewLayer | Waiting for render to start
Fra:20 Mem:14.75M (Peak 15.92M) | Time:00:00.00 | Mem:0.00M, Peak:0.00M | Scene, ViewLayer | Loading render kernels (may take a few minutes the first time)
Fra:20 Mem:14.75M (Peak 15.92M) | Time:00:00.00 | Mem:0.00M, Peak:0.00M | Scene, ViewLayer | Updating Scene
Fra:20 Mem:14.75M (Peak 15.92M) | Time:00:00.00 | Mem:0.00M, Peak:0.00M | Scene, ViewLayer | Updating Shaders
Fra:20 Mem:14.84M (Peak 15.92M) | Time:00:00.00 | Mem:0.01M, Peak:0.01M | Scene, ViewLayer | Updating Procedurals
Fra:20 Mem:14.84M (Peak 15.92M) | Time:00:00.00 | Mem:0.01M, Peak:0.01M | Scene, ViewLayer | Updating Background
Fra:20 Mem:14.84M (Peak 15.92M) | Time:00:00.00 | Mem:0.01M, Peak:0.01M | Scene, ViewLayer | Updating Camera
Fra:20 Mem:14.84M (Peak 15.92M) | Time:00:00.00 | Mem:0.01M, Peak:0.01M | Scene, ViewLayer | Updating Meshes Flags
Fra:20 Mem:14.84M (Peak 15.92M) | Time:00:00.00 | Mem:0.01M, Peak:0.01M | Scene, ViewLayer | Updating Objects
Fra:20 Mem:14.84M (Peak 15.92M) | Time:00:00.00 | Mem:0.01M, Peak:0.01M | Scene, ViewLayer | Updating Objects | Copying Transformations to device
Fra:20 Mem:14.84M (Peak 15.92M) | Time:00:00.00 | Mem:0.01M, Peak:0.01M | Scene, ViewLayer | Updating Objects | Applying Static Transformations
Fra:20 Mem:14.84M (Peak 15.92M) | Time:00:00.00 | Mem:0.01M, Peak:0.01M | Scene, ViewLayer | Updating Particle Systems
Fra:20 Mem:14.84M (Peak 15.92M) | Time:00:00.00 | Mem:0.01M, Peak:0.01M | Scene, ViewLayer | Updating Particle Systems | Copying Particles to device
Fra:20 Mem:14.84M (Peak 15.92M) | Time:00:00.00 | Mem:0.01M, Peak:0.01M | Scene, ViewLayer | Updating Meshes
Fra:20 Mem:14.85M (Peak 15.92M) | Time:00:00.00 | Mem:0.01M, Peak:0.01M | Scene, ViewLayer | Updating Mesh | Computing attributes
Fra:20 Mem:14.85M (Peak 15.92M) | Time:00:00.00 | Mem:0.01M, Peak:0.01M | Scene, ViewLayer | Updating Mesh | Copying Attributes to device
Fra:20 Mem:14.85M (Peak 15.92M) | Time:00:00.00 | Mem:0.02M, Peak:0.02M | Scene, ViewLayer | Updating Scene BVH | Building
Fra:20 Mem:14.85M (Peak 15.92M) | Time:00:00.00 | Mem:0.02M, Peak:0.02M | Scene, ViewLayer | Updating Scene BVH | Building BVH
Fra:20 Mem:14.85M (Peak 15.92M) | Time:00:00.00 | Mem:0.03M, Peak:0.03M | Scene, ViewLayer | Updating Scene BVH | Building BVH 0%
Fra:20 Mem:14.85M (Peak 15.92M) | Time:00:00.00 | Mem:0.05M, Peak:0.07M | Scene, ViewLayer | Updating Scene BVH | Copying BVH to device
Fra:20 Mem:14.85M (Peak 15.92M) | Time:00:00.00 | Mem:0.05M, Peak:0.07M | Scene, ViewLayer | Updating Mesh | Computing normals
Fra:20 Mem:14.87M (Peak 15.92M) | Time:00:00.00 | Mem:0.05M, Peak:0.07M | Scene, ViewLayer | Updating Mesh | Copying Mesh to device
Fra:20 Mem:14.87M (Peak 15.92M) | Time:00:00.00 | Mem:0.07M, Peak:0.07M | Scene, ViewLayer | Updating Objects Flags
Fra:20 Mem:14.87M (Peak 15.92M) | Time:00:00.00 | Mem:0.07M, Peak:0.07M | Scene, ViewLayer | Updating Primitive Offsets
Fra:20 Mem:14.87M (Peak 15.92M) | Time:00:00.00 | Mem:0.07M, Peak:0.07M | Scene, ViewLayer | Updating Images
Fra:20 Mem:14.87M (Peak 15.92M) | Time:00:00.00 | Mem:0.07M, Peak:0.07M | Scene, ViewLayer | Updating Camera Volume
Fra:20 Mem:14.87M (Peak 15.92M) | Time:00:00.00 | Mem:0.07M, Peak:0.07M | Scene, ViewLayer | Updating Lookup Tables
Fra:20 Mem:14.87M (Peak 15.92M) | Time:00:00.00 | Mem:0.15M, Peak:0.15M | Scene, ViewLayer | Updating Lights
Fra:20 Mem:14.87M (Peak 15.92M) | Time:00:00.00 | Mem:0.15M, Peak:0.15M | Scene, ViewLayer | Updating Lights | Computing tree
Fra:20 Mem:14.87M (Peak 15.92M) | Time:00:00.00 | Mem:0.15M, Peak:0.15M | Scene, ViewLayer | Updating Integrator
Fra:20 Mem:14.87M (Peak 15.92M) | Time:00:00.00 | Mem:0.15M, Peak:0.15M | Scene, ViewLayer | Updating Film
Fra:20 Mem:14.88M (Peak 15.92M) | Time:00:00.00 | Mem:0.07M, Peak:0.15M | Scene, ViewLayer | Updating Lookup Tables
Fra:20 Mem:14.88M (Peak 15.92M) | Time:00:00.00 | Mem:0.16M, Peak:0.16M | Scene, ViewLayer | Updating Baking
Fra:20 Mem:14.88M (Peak 15.92M) | Time:00:00.00 | Mem:0.16M, Peak:0.16M | Scene, ViewLayer | Updating Device | Writing constant memory
Fra:20 Mem:14.88M (Peak 15.92M) | Time:00:00.00 | Mem:0.16M, Peak:0.16M | Scene, ViewLayer | Loading denoising kernels (may take a few minutes the first time)
Fra:20 Mem:14.88M (Peak 15.92M) | Time:00:00.00 | Mem:0.16M, Peak:0.16M | Scene, ViewLayer | Sample 0/8
Fra:20 Mem:31.77M (Peak 31.77M) | Time:00:00.06 | Remaining:00:00.39 | Mem:16.86M, Peak:16.86M | Scene, ViewLayer | Sample 1/8
Fra:20 Mem:38.80M (Peak 49.35M) | Time:00:01.33 | Mem:16.86M, Peak:16.86M | Scene, ViewLayer | Sample 8/8
Fra:20 Mem:38.80M (Peak 49.35M) | Time:00:01.33 | Mem:16.86M, Peak:16.86M | Scene, ViewLayer | Finished
Saved: 'D:\projects\njin\src\games\sandtable\assets\characters\clay_people\generated\walk_frames\013.png'
Time: 00:01.36 (Saving: 00:00.03)

Fra:22 Mem:15.88M (Peak 15.88M) | Time:00:00.00 | Mem:0.00M, Peak:0.00M | Scene, ViewLayer | Synchronizing object | STUDIO_Ground
Fra:22 Mem:15.88M (Peak 15.88M) | Time:00:00.00 | Mem:0.00M, Peak:0.00M | Scene, ViewLayer | Synchronizing object | reference
Fra:22 Mem:15.92M (Peak 15.92M) | Time:00:00.00 | Mem:0.00M, Peak:0.00M | Scene, ViewLayer | Initializing
Fra:22 Mem:14.75M (Peak 15.92M) | Time:00:00.00 | Mem:0.00M, Peak:0.00M | Scene, ViewLayer | Waiting for render to start
Fra:22 Mem:14.75M (Peak 15.92M) | Time:00:00.00 | Mem:0.00M, Peak:0.00M | Scene, ViewLayer | Loading render kernels (may take a few minutes the first time)
Fra:22 Mem:14.75M (Peak 15.92M) | Time:00:00.00 | Mem:0.00M, Peak:0.00M | Scene, ViewLayer | Updating Scene
Fra:22 Mem:14.75M (Peak 15.92M) | Time:00:00.00 | Mem:0.00M, Peak:0.00M | Scene, ViewLayer | Updating Shaders
Fra:22 Mem:14.84M (Peak 15.92M) | Time:00:00.00 | Mem:0.01M, Peak:0.01M | Scene, ViewLayer | Updating Procedurals
Fra:22 Mem:14.84M (Peak 15.92M) | Time:00:00.00 | Mem:0.01M, Peak:0.01M | Scene, ViewLayer | Updating Background
Fra:22 Mem:14.84M (Peak 15.92M) | Time:00:00.00 | Mem:0.01M, Peak:0.01M | Scene, ViewLayer | Updating Camera
Fra:22 Mem:14.84M (Peak 15.92M) | Time:00:00.00 | Mem:0.01M, Peak:0.01M | Scene, ViewLayer | Updating Meshes Flags
Fra:22 Mem:14.84M (Peak 15.92M) | Time:00:00.00 | Mem:0.01M, Peak:0.01M | Scene, ViewLayer | Updating Objects
Fra:22 Mem:14.84M (Peak 15.92M) | Time:00:00.00 | Mem:0.01M, Peak:0.01M | Scene, ViewLayer | Updating Objects | Copying Transformations to device
Fra:22 Mem:14.84M (Peak 15.92M) | Time:00:00.00 | Mem:0.01M, Peak:0.01M | Scene, ViewLayer | Updating Objects | Applying Static Transformations
Fra:22 Mem:14.84M (Peak 15.92M) | Time:00:00.00 | Mem:0.01M, Peak:0.01M | Scene, ViewLayer | Updating Particle Systems
Fra:22 Mem:14.84M (Peak 15.92M) | Time:00:00.00 | Mem:0.01M, Peak:0.01M | Scene, ViewLayer | Updating Particle Systems | Copying Particles to device
Fra:22 Mem:14.84M (Peak 15.92M) | Time:00:00.00 | Mem:0.01M, Peak:0.01M | Scene, ViewLayer | Updating Meshes
Fra:22 Mem:14.85M (Peak 15.92M) | Time:00:00.00 | Mem:0.01M, Peak:0.01M | Scene, ViewLayer | Updating Mesh | Computing attributes
Fra:22 Mem:14.85M (Peak 15.92M) | Time:00:00.00 | Mem:0.01M, Peak:0.01M | Scene, ViewLayer | Updating Mesh | Copying Attributes to device
Fra:22 Mem:14.85M (Peak 15.92M) | Time:00:00.00 | Mem:0.02M, Peak:0.02M | Scene, ViewLayer | Updating Scene BVH | Building
Fra:22 Mem:14.85M (Peak 15.92M) | Time:00:00.00 | Mem:0.02M, Peak:0.02M | Scene, ViewLayer | Updating Scene BVH | Building BVH
Fra:22 Mem:14.85M (Peak 15.92M) | Time:00:00.00 | Mem:0.03M, Peak:0.03M | Scene, ViewLayer | Updating Scene BVH | Building BVH 0%
Fra:22 Mem:14.85M (Peak 15.92M) | Time:00:00.00 | Mem:0.05M, Peak:0.07M | Scene, ViewLayer | Updating Scene BVH | Copying BVH to device
Fra:22 Mem:14.85M (Peak 15.92M) | Time:00:00.00 | Mem:0.05M, Peak:0.07M | Scene, ViewLayer | Updating Mesh | Computing normals
Fra:22 Mem:14.87M (Peak 15.92M) | Time:00:00.00 | Mem:0.05M, Peak:0.07M | Scene, ViewLayer | Updating Mesh | Copying Mesh to device
Fra:22 Mem:14.87M (Peak 15.92M) | Time:00:00.00 | Mem:0.07M, Peak:0.07M | Scene, ViewLayer | Updating Objects Flags
Fra:22 Mem:14.87M (Peak 15.92M) | Time:00:00.00 | Mem:0.07M, Peak:0.07M | Scene, ViewLayer | Updating Primitive Offsets
Fra:22 Mem:14.87M (Peak 15.92M) | Time:00:00.00 | Mem:0.07M, Peak:0.07M | Scene, ViewLayer | Updating Images
Fra:22 Mem:14.87M (Peak 15.92M) | Time:00:00.00 | Mem:0.07M, Peak:0.07M | Scene, ViewLayer | Updating Camera Volume
Fra:22 Mem:14.87M (Peak 15.92M) | Time:00:00.00 | Mem:0.07M, Peak:0.07M | Scene, ViewLayer | Updating Lookup Tables
Fra:22 Mem:14.87M (Peak 15.92M) | Time:00:00.00 | Mem:0.15M, Peak:0.15M | Scene, ViewLayer | Updating Lights
Fra:22 Mem:14.87M (Peak 15.92M) | Time:00:00.00 | Mem:0.15M, Peak:0.15M | Scene, ViewLayer | Updating Lights | Computing tree
Fra:22 Mem:14.87M (Peak 15.92M) | Time:00:00.00 | Mem:0.15M, Peak:0.15M | Scene, ViewLayer | Updating Integrator
Fra:22 Mem:14.87M (Peak 15.92M) | Time:00:00.00 | Mem:0.15M, Peak:0.15M | Scene, ViewLayer | Updating Film
Fra:22 Mem:14.88M (Peak 15.92M) | Time:00:00.00 | Mem:0.07M, Peak:0.15M | Scene, ViewLayer | Updating Lookup Tables
Fra:22 Mem:14.88M (Peak 15.92M) | Time:00:00.00 | Mem:0.16M, Peak:0.16M | Scene, ViewLayer | Updating Baking
Fra:22 Mem:14.88M (Peak 15.92M) | Time:00:00.00 | Mem:0.16M, Peak:0.16M | Scene, ViewLayer | Updating Device | Writing constant memory
Fra:22 Mem:14.88M (Peak 15.92M) | Time:00:00.00 | Mem:0.16M, Peak:0.16M | Scene, ViewLayer | Loading denoising kernels (may take a few minutes the first time)
Fra:22 Mem:14.88M (Peak 15.92M) | Time:00:00.00 | Mem:0.16M, Peak:0.16M | Scene, ViewLayer | Sample 0/8
Fra:22 Mem:31.77M (Peak 31.77M) | Time:00:00.06 | Remaining:00:00.40 | Mem:16.86M, Peak:16.86M | Scene, ViewLayer | Sample 1/8
Fra:22 Mem:38.80M (Peak 49.35M) | Time:00:01.35 | Mem:16.86M, Peak:16.86M | Scene, ViewLayer | Sample 8/8
Fra:22 Mem:38.80M (Peak 49.35M) | Time:00:01.35 | Mem:16.86M, Peak:16.86M | Scene, ViewLayer | Finished
Saved: 'D:\projects\njin\src\games\sandtable\assets\characters\clay_people\generated\walk_frames\014.png'
Time: 00:01.38 (Saving: 00:00.03)

Fra:23 Mem:15.88M (Peak 15.88M) | Time:00:00.00 | Mem:0.00M, Peak:0.00M | Scene, ViewLayer | Synchronizing object | STUDIO_Ground
Fra:23 Mem:15.88M (Peak 15.88M) | Time:00:00.00 | Mem:0.00M, Peak:0.00M | Scene, ViewLayer | Synchronizing object | reference
Fra:23 Mem:15.92M (Peak 15.92M) | Time:00:00.00 | Mem:0.00M, Peak:0.00M | Scene, ViewLayer | Initializing
Fra:23 Mem:14.75M (Peak 15.92M) | Time:00:00.00 | Mem:0.00M, Peak:0.00M | Scene, ViewLayer | Waiting for render to start
Fra:23 Mem:14.75M (Peak 15.92M) | Time:00:00.00 | Mem:0.00M, Peak:0.00M | Scene, ViewLayer | Loading render kernels (may take a few minutes the first time)
Fra:23 Mem:14.75M (Peak 15.92M) | Time:00:00.00 | Mem:0.00M, Peak:0.00M | Scene, ViewLayer | Updating Scene
Fra:23 Mem:14.75M (Peak 15.92M) | Time:00:00.00 | Mem:0.00M, Peak:0.00M | Scene, ViewLayer | Updating Shaders
Fra:23 Mem:14.84M (Peak 15.92M) | Time:00:00.00 | Mem:0.01M, Peak:0.01M | Scene, ViewLayer | Updating Procedurals
Fra:23 Mem:14.84M (Peak 15.92M) | Time:00:00.00 | Mem:0.01M, Peak:0.01M | Scene, ViewLayer | Updating Background
Fra:23 Mem:14.84M (Peak 15.92M) | Time:00:00.00 | Mem:0.01M, Peak:0.01M | Scene, ViewLayer | Updating Camera
Fra:23 Mem:14.84M (Peak 15.92M) | Time:00:00.00 | Mem:0.01M, Peak:0.01M | Scene, ViewLayer | Updating Meshes Flags
Fra:23 Mem:14.84M (Peak 15.92M) | Time:00:00.00 | Mem:0.01M, Peak:0.01M | Scene, ViewLayer | Updating Objects
Fra:23 Mem:14.84M (Peak 15.92M) | Time:00:00.00 | Mem:0.01M, Peak:0.01M | Scene, ViewLayer | Updating Objects | Copying Transformations to device
Fra:23 Mem:14.84M (Peak 15.92M) | Time:00:00.00 | Mem:0.01M, Peak:0.01M | Scene, ViewLayer | Updating Objects | Applying Static Transformations
Fra:23 Mem:14.84M (Peak 15.92M) | Time:00:00.00 | Mem:0.01M, Peak:0.01M | Scene, ViewLayer | Updating Particle Systems
Fra:23 Mem:14.84M (Peak 15.92M) | Time:00:00.00 | Mem:0.01M, Peak:0.01M | Scene, ViewLayer | Updating Particle Systems | Copying Particles to device
Fra:23 Mem:14.84M (Peak 15.92M) | Time:00:00.00 | Mem:0.01M, Peak:0.01M | Scene, ViewLayer | Updating Meshes
Fra:23 Mem:14.85M (Peak 15.92M) | Time:00:00.00 | Mem:0.01M, Peak:0.01M | Scene, ViewLayer | Updating Mesh | Computing attributes
Fra:23 Mem:14.85M (Peak 15.92M) | Time:00:00.00 | Mem:0.01M, Peak:0.01M | Scene, ViewLayer | Updating Mesh | Copying Attributes to device
Fra:23 Mem:14.85M (Peak 15.92M) | Time:00:00.00 | Mem:0.02M, Peak:0.02M | Scene, ViewLayer | Updating Scene BVH | Building
Fra:23 Mem:14.85M (Peak 15.92M) | Time:00:00.00 | Mem:0.02M, Peak:0.02M | Scene, ViewLayer | Updating Scene BVH | Building BVH
Fra:23 Mem:14.85M (Peak 15.92M) | Time:00:00.00 | Mem:0.03M, Peak:0.03M | Scene, ViewLayer | Updating Scene BVH | Building BVH 0%
Fra:23 Mem:14.85M (Peak 15.92M) | Time:00:00.00 | Mem:0.05M, Peak:0.07M | Scene, ViewLayer | Updating Scene BVH | Copying BVH to device
Fra:23 Mem:14.85M (Peak 15.92M) | Time:00:00.00 | Mem:0.05M, Peak:0.07M | Scene, ViewLayer | Updating Mesh | Computing normals
Fra:23 Mem:14.87M (Peak 15.92M) | Time:00:00.00 | Mem:0.05M, Peak:0.07M | Scene, ViewLayer | Updating Mesh | Copying Mesh to device
Fra:23 Mem:14.87M (Peak 15.92M) | Time:00:00.00 | Mem:0.07M, Peak:0.07M | Scene, ViewLayer | Updating Objects Flags
Fra:23 Mem:14.87M (Peak 15.92M) | Time:00:00.00 | Mem:0.07M, Peak:0.07M | Scene, ViewLayer | Updating Primitive Offsets
Fra:23 Mem:14.87M (Peak 15.92M) | Time:00:00.00 | Mem:0.07M, Peak:0.07M | Scene, ViewLayer | Updating Images
Fra:23 Mem:14.87M (Peak 15.92M) | Time:00:00.00 | Mem:0.07M, Peak:0.07M | Scene, ViewLayer | Updating Camera Volume
Fra:23 Mem:14.87M (Peak 15.92M) | Time:00:00.00 | Mem:0.07M, Peak:0.07M | Scene, ViewLayer | Updating Lookup Tables
Fra:23 Mem:14.87M (Peak 15.92M) | Time:00:00.00 | Mem:0.15M, Peak:0.15M | Scene, ViewLayer | Updating Lights
Fra:23 Mem:14.87M (Peak 15.92M) | Time:00:00.00 | Mem:0.15M, Peak:0.15M | Scene, ViewLayer | Updating Lights | Computing tree
Fra:23 Mem:14.87M (Peak 15.92M) | Time:00:00.00 | Mem:0.15M, Peak:0.15M | Scene, ViewLayer | Updating Integrator
Fra:23 Mem:14.87M (Peak 15.92M) | Time:00:00.00 | Mem:0.15M, Peak:0.15M | Scene, ViewLayer | Updating Film
Fra:23 Mem:14.88M (Peak 15.92M) | Time:00:00.00 | Mem:0.07M, Peak:0.15M | Scene, ViewLayer | Updating Lookup Tables
Fra:23 Mem:14.88M (Peak 15.92M) | Time:00:00.00 | Mem:0.16M, Peak:0.16M | Scene, ViewLayer | Updating Baking
Fra:23 Mem:14.88M (Peak 15.92M) | Time:00:00.00 | Mem:0.16M, Peak:0.16M | Scene, ViewLayer | Updating Device | Writing constant memory
Fra:23 Mem:14.88M (Peak 15.92M) | Time:00:00.00 | Mem:0.16M, Peak:0.16M | Scene, ViewLayer | Loading denoising kernels (may take a few minutes the first time)
Fra:23 Mem:14.88M (Peak 15.92M) | Time:00:00.00 | Mem:0.16M, Peak:0.16M | Scene, ViewLayer | Sample 0/8
Fra:23 Mem:31.77M (Peak 31.77M) | Time:00:00.06 | Remaining:00:00.43 | Mem:16.86M, Peak:16.86M | Scene, ViewLayer | Sample 1/8
Fra:23 Mem:38.80M (Peak 49.35M) | Time:00:01.35 | Mem:16.86M, Peak:16.86M | Scene, ViewLayer | Sample 8/8
Fra:23 Mem:38.80M (Peak 49.35M) | Time:00:01.35 | Mem:16.86M, Peak:16.86M | Scene, ViewLayer | Finished
Saved: 'D:\projects\njin\src\games\sandtable\assets\characters\clay_people\generated\walk_frames\015.png'
Time: 00:01.39 (Saving: 00:00.03)

Fra:25 Mem:15.88M (Peak 15.88M) | Time:00:00.00 | Mem:0.00M, Peak:0.00M | Scene, ViewLayer | Synchronizing object | STUDIO_Ground
Fra:25 Mem:15.88M (Peak 15.88M) | Time:00:00.00 | Mem:0.00M, Peak:0.00M | Scene, ViewLayer | Synchronizing object | reference
Fra:25 Mem:15.92M (Peak 15.92M) | Time:00:00.00 | Mem:0.00M, Peak:0.00M | Scene, ViewLayer | Initializing
Fra:25 Mem:14.75M (Peak 15.92M) | Time:00:00.00 | Mem:0.00M, Peak:0.00M | Scene, ViewLayer | Waiting for render to start
Fra:25 Mem:14.75M (Peak 15.92M) | Time:00:00.00 | Mem:0.00M, Peak:0.00M | Scene, ViewLayer | Loading render kernels (may take a few minutes the first time)
Fra:25 Mem:14.75M (Peak 15.92M) | Time:00:00.00 | Mem:0.00M, Peak:0.00M | Scene, ViewLayer | Updating Scene
Fra:25 Mem:14.75M (Peak 15.92M) | Time:00:00.00 | Mem:0.00M, Peak:0.00M | Scene, ViewLayer | Updating Shaders
Fra:25 Mem:14.84M (Peak 15.92M) | Time:00:00.00 | Mem:0.01M, Peak:0.01M | Scene, ViewLayer | Updating Procedurals
Fra:25 Mem:14.84M (Peak 15.92M) | Time:00:00.00 | Mem:0.01M, Peak:0.01M | Scene, ViewLayer | Updating Background
Fra:25 Mem:14.84M (Peak 15.92M) | Time:00:00.00 | Mem:0.01M, Peak:0.01M | Scene, ViewLayer | Updating Camera
Fra:25 Mem:14.84M (Peak 15.92M) | Time:00:00.00 | Mem:0.01M, Peak:0.01M | Scene, ViewLayer | Updating Meshes Flags
Fra:25 Mem:14.84M (Peak 15.92M) | Time:00:00.00 | Mem:0.01M, Peak:0.01M | Scene, ViewLayer | Updating Objects
Fra:25 Mem:14.84M (Peak 15.92M) | Time:00:00.00 | Mem:0.01M, Peak:0.01M | Scene, ViewLayer | Updating Objects | Copying Transformations to device
Fra:25 Mem:14.84M (Peak 15.92M) | Time:00:00.00 | Mem:0.01M, Peak:0.01M | Scene, ViewLayer | Updating Objects | Applying Static Transformations
Fra:25 Mem:14.84M (Peak 15.92M) | Time:00:00.00 | Mem:0.01M, Peak:0.01M | Scene, ViewLayer | Updating Particle Systems
Fra:25 Mem:14.84M (Peak 15.92M) | Time:00:00.00 | Mem:0.01M, Peak:0.01M | Scene, ViewLayer | Updating Particle Systems | Copying Particles to device
Fra:25 Mem:14.84M (Peak 15.92M) | Time:00:00.00 | Mem:0.01M, Peak:0.01M | Scene, ViewLayer | Updating Meshes
Fra:25 Mem:14.85M (Peak 15.92M) | Time:00:00.00 | Mem:0.01M, Peak:0.01M | Scene, ViewLayer | Updating Mesh | Computing attributes
Fra:25 Mem:14.85M (Peak 15.92M) | Time:00:00.00 | Mem:0.01M, Peak:0.01M | Scene, ViewLayer | Updating Mesh | Copying Attributes to device
Fra:25 Mem:14.85M (Peak 15.92M) | Time:00:00.00 | Mem:0.02M, Peak:0.02M | Scene, ViewLayer | Updating Scene BVH | Building
Fra:25 Mem:14.85M (Peak 15.92M) | Time:00:00.00 | Mem:0.02M, Peak:0.02M | Scene, ViewLayer | Updating Scene BVH | Building BVH
Fra:25 Mem:14.85M (Peak 15.92M) | Time:00:00.00 | Mem:0.03M, Peak:0.03M | Scene, ViewLayer | Updating Scene BVH | Building BVH 0%
Fra:25 Mem:14.85M (Peak 15.92M) | Time:00:00.00 | Mem:0.05M, Peak:0.07M | Scene, ViewLayer | Updating Scene BVH | Copying BVH to device
Fra:25 Mem:14.85M (Peak 15.92M) | Time:00:00.00 | Mem:0.05M, Peak:0.07M | Scene, ViewLayer | Updating Mesh | Computing normals
Fra:25 Mem:14.87M (Peak 15.92M) | Time:00:00.00 | Mem:0.05M, Peak:0.07M | Scene, ViewLayer | Updating Mesh | Copying Mesh to device
Fra:25 Mem:14.87M (Peak 15.92M) | Time:00:00.00 | Mem:0.07M, Peak:0.07M | Scene, ViewLayer | Updating Objects Flags
Fra:25 Mem:14.87M (Peak 15.92M) | Time:00:00.00 | Mem:0.07M, Peak:0.07M | Scene, ViewLayer | Updating Primitive Offsets
Fra:25 Mem:14.87M (Peak 15.92M) | Time:00:00.00 | Mem:0.07M, Peak:0.07M | Scene, ViewLayer | Updating Images
Fra:25 Mem:14.87M (Peak 15.92M) | Time:00:00.00 | Mem:0.07M, Peak:0.07M | Scene, ViewLayer | Updating Camera Volume
Fra:25 Mem:14.87M (Peak 15.92M) | Time:00:00.00 | Mem:0.07M, Peak:0.07M | Scene, ViewLayer | Updating Lookup Tables
Fra:25 Mem:14.87M (Peak 15.92M) | Time:00:00.00 | Mem:0.15M, Peak:0.15M | Scene, ViewLayer | Updating Lights
Fra:25 Mem:14.87M (Peak 15.92M) | Time:00:00.00 | Mem:0.15M, Peak:0.15M | Scene, ViewLayer | Updating Lights | Computing tree
Fra:25 Mem:14.87M (Peak 15.92M) | Time:00:00.00 | Mem:0.15M, Peak:0.15M | Scene, ViewLayer | Updating Integrator
Fra:25 Mem:14.87M (Peak 15.92M) | Time:00:00.00 | Mem:0.15M, Peak:0.15M | Scene, ViewLayer | Updating Film
Fra:25 Mem:14.88M (Peak 15.92M) | Time:00:00.00 | Mem:0.07M, Peak:0.15M | Scene, ViewLayer | Updating Lookup Tables
Fra:25 Mem:14.88M (Peak 15.92M) | Time:00:00.00 | Mem:0.16M, Peak:0.16M | Scene, ViewLayer | Updating Baking
Fra:25 Mem:14.88M (Peak 15.92M) | Time:00:00.00 | Mem:0.16M, Peak:0.16M | Scene, ViewLayer | Updating Device | Writing constant memory
Fra:25 Mem:14.88M (Peak 15.92M) | Time:00:00.00 | Mem:0.16M, Peak:0.16M | Scene, ViewLayer | Loading denoising kernels (may take a few minutes the first time)
Fra:25 Mem:14.88M (Peak 15.92M) | Time:00:00.00 | Mem:0.16M, Peak:0.16M | Scene, ViewLayer | Sample 0/8
Fra:25 Mem:31.77M (Peak 31.77M) | Time:00:00.05 | Remaining:00:00.39 | Mem:16.86M, Peak:16.86M | Scene, ViewLayer | Sample 1/8
Fra:25 Mem:38.80M (Peak 49.35M) | Time:00:01.32 | Mem:16.86M, Peak:16.86M | Scene, ViewLayer | Sample 8/8
Fra:25 Mem:38.80M (Peak 49.35M) | Time:00:01.32 | Mem:16.86M, Peak:16.86M | Scene, ViewLayer | Finished
Saved: 'D:\projects\njin\src\games\sandtable\assets\characters\clay_people\generated\walk_frames\016.png'
Time: 00:01.35 (Saving: 00:00.02)

Fra:26 Mem:15.88M (Peak 15.88M) | Time:00:00.00 | Mem:0.00M, Peak:0.00M | Scene, ViewLayer | Synchronizing object | STUDIO_Ground
Fra:26 Mem:15.88M (Peak 15.88M) | Time:00:00.00 | Mem:0.00M, Peak:0.00M | Scene, ViewLayer | Synchronizing object | reference
Fra:26 Mem:15.92M (Peak 15.92M) | Time:00:00.00 | Mem:0.00M, Peak:0.00M | Scene, ViewLayer | Initializing
Fra:26 Mem:14.75M (Peak 15.92M) | Time:00:00.00 | Mem:0.00M, Peak:0.00M | Scene, ViewLayer | Waiting for render to start
Fra:26 Mem:14.75M (Peak 15.92M) | Time:00:00.00 | Mem:0.00M, Peak:0.00M | Scene, ViewLayer | Loading render kernels (may take a few minutes the first time)
Fra:26 Mem:14.75M (Peak 15.92M) | Time:00:00.00 | Mem:0.00M, Peak:0.00M | Scene, ViewLayer | Updating Scene
Fra:26 Mem:14.75M (Peak 15.92M) | Time:00:00.00 | Mem:0.00M, Peak:0.00M | Scene, ViewLayer | Updating Shaders
Fra:26 Mem:14.84M (Peak 15.92M) | Time:00:00.00 | Mem:0.01M, Peak:0.01M | Scene, ViewLayer | Updating Procedurals
Fra:26 Mem:14.84M (Peak 15.92M) | Time:00:00.00 | Mem:0.01M, Peak:0.01M | Scene, ViewLayer | Updating Background
Fra:26 Mem:14.84M (Peak 15.92M) | Time:00:00.00 | Mem:0.01M, Peak:0.01M | Scene, ViewLayer | Updating Camera
Fra:26 Mem:14.84M (Peak 15.92M) | Time:00:00.00 | Mem:0.01M, Peak:0.01M | Scene, ViewLayer | Updating Meshes Flags
Fra:26 Mem:14.84M (Peak 15.92M) | Time:00:00.00 | Mem:0.01M, Peak:0.01M | Scene, ViewLayer | Updating Objects
Fra:26 Mem:14.84M (Peak 15.92M) | Time:00:00.00 | Mem:0.01M, Peak:0.01M | Scene, ViewLayer | Updating Objects | Copying Transformations to device
Fra:26 Mem:14.84M (Peak 15.92M) | Time:00:00.00 | Mem:0.01M, Peak:0.01M | Scene, ViewLayer | Updating Objects | Applying Static Transformations
Fra:26 Mem:14.84M (Peak 15.92M) | Time:00:00.00 | Mem:0.01M, Peak:0.01M | Scene, ViewLayer | Updating Particle Systems
Fra:26 Mem:14.84M (Peak 15.92M) | Time:00:00.00 | Mem:0.01M, Peak:0.01M | Scene, ViewLayer | Updating Particle Systems | Copying Particles to device
Fra:26 Mem:14.84M (Peak 15.92M) | Time:00:00.00 | Mem:0.01M, Peak:0.01M | Scene, ViewLayer | Updating Meshes
Fra:26 Mem:14.85M (Peak 15.92M) | Time:00:00.00 | Mem:0.01M, Peak:0.01M | Scene, ViewLayer | Updating Mesh | Computing attributes
Fra:26 Mem:14.85M (Peak 15.92M) | Time:00:00.00 | Mem:0.01M, Peak:0.01M | Scene, ViewLayer | Updating Mesh | Copying Attributes to device
Fra:26 Mem:14.85M (Peak 15.92M) | Time:00:00.00 | Mem:0.02M, Peak:0.02M | Scene, ViewLayer | Updating Scene BVH | Building
Fra:26 Mem:14.85M (Peak 15.92M) | Time:00:00.00 | Mem:0.02M, Peak:0.02M | Scene, ViewLayer | Updating Scene BVH | Building BVH
Fra:26 Mem:14.85M (Peak 15.92M) | Time:00:00.00 | Mem:0.03M, Peak:0.03M | Scene, ViewLayer | Updating Scene BVH | Building BVH 0%
Fra:26 Mem:14.85M (Peak 15.92M) | Time:00:00.00 | Mem:0.05M, Peak:0.07M | Scene, ViewLayer | Updating Scene BVH | Copying BVH to device
Fra:26 Mem:14.85M (Peak 15.92M) | Time:00:00.00 | Mem:0.05M, Peak:0.07M | Scene, ViewLayer | Updating Mesh | Computing normals
Fra:26 Mem:14.87M (Peak 15.92M) | Time:00:00.00 | Mem:0.05M, Peak:0.07M | Scene, ViewLayer | Updating Mesh | Copying Mesh to device
Fra:26 Mem:14.87M (Peak 15.92M) | Time:00:00.00 | Mem:0.07M, Peak:0.07M | Scene, ViewLayer | Updating Objects Flags
Fra:26 Mem:14.87M (Peak 15.92M) | Time:00:00.00 | Mem:0.07M, Peak:0.07M | Scene, ViewLayer | Updating Primitive Offsets
Fra:26 Mem:14.87M (Peak 15.92M) | Time:00:00.00 | Mem:0.07M, Peak:0.07M | Scene, ViewLayer | Updating Images
Fra:26 Mem:14.87M (Peak 15.92M) | Time:00:00.00 | Mem:0.07M, Peak:0.07M | Scene, ViewLayer | Updating Camera Volume
Fra:26 Mem:14.87M (Peak 15.92M) | Time:00:00.00 | Mem:0.07M, Peak:0.07M | Scene, ViewLayer | Updating Lookup Tables
Fra:26 Mem:14.87M (Peak 15.92M) | Time:00:00.00 | Mem:0.15M, Peak:0.15M | Scene, ViewLayer | Updating Lights
Fra:26 Mem:14.87M (Peak 15.92M) | Time:00:00.00 | Mem:0.15M, Peak:0.15M | Scene, ViewLayer | Updating Lights | Computing tree
Fra:26 Mem:14.87M (Peak 15.92M) | Time:00:00.00 | Mem:0.15M, Peak:0.15M | Scene, ViewLayer | Updating Integrator
Fra:26 Mem:14.87M (Peak 15.92M) | Time:00:00.00 | Mem:0.15M, Peak:0.15M | Scene, ViewLayer | Updating Film
Fra:26 Mem:14.88M (Peak 15.92M) | Time:00:00.00 | Mem:0.07M, Peak:0.15M | Scene, ViewLayer | Updating Lookup Tables
Fra:26 Mem:14.88M (Peak 15.92M) | Time:00:00.00 | Mem:0.16M, Peak:0.16M | Scene, ViewLayer | Updating Baking
Fra:26 Mem:14.88M (Peak 15.92M) | Time:00:00.00 | Mem:0.16M, Peak:0.16M | Scene, ViewLayer | Updating Device | Writing constant memory
Fra:26 Mem:14.88M (Peak 15.92M) | Time:00:00.00 | Mem:0.16M, Peak:0.16M | Scene, ViewLayer | Loading denoising kernels (may take a few minutes the first time)
Fra:26 Mem:14.88M (Peak 15.92M) | Time:00:00.00 | Mem:0.16M, Peak:0.16M | Scene, ViewLayer | Sample 0/8
Fra:26 Mem:31.77M (Peak 31.77M) | Time:00:00.06 | Remaining:00:00.42 | Mem:16.86M, Peak:16.86M | Scene, ViewLayer | Sample 1/8
Fra:26 Mem:38.80M (Peak 49.35M) | Time:00:01.42 | Mem:16.86M, Peak:16.86M | Scene, ViewLayer | Sample 8/8
Fra:26 Mem:38.80M (Peak 49.35M) | Time:00:01.42 | Mem:16.86M, Peak:16.86M | Scene, ViewLayer | Finished
Saved: 'D:\projects\njin\src\games\sandtable\assets\characters\clay_people\generated\walk_frames\017.png'
Time: 00:01.45 (Saving: 00:00.02)

Fra:28 Mem:15.88M (Peak 15.88M) | Time:00:00.00 | Mem:0.00M, Peak:0.00M | Scene, ViewLayer | Synchronizing object | reference
Fra:28 Mem:15.88M (Peak 15.89M) | Time:00:00.00 | Mem:0.00M, Peak:0.00M | Scene, ViewLayer | Synchronizing object | STUDIO_Ground
Fra:28 Mem:15.92M (Peak 15.92M) | Time:00:00.00 | Mem:0.00M, Peak:0.00M | Scene, ViewLayer | Initializing
Fra:28 Mem:14.75M (Peak 15.92M) | Time:00:00.00 | Mem:0.00M, Peak:0.00M | Scene, ViewLayer | Waiting for render to start
Fra:28 Mem:14.75M (Peak 15.92M) | Time:00:00.00 | Mem:0.00M, Peak:0.00M | Scene, ViewLayer | Loading render kernels (may take a few minutes the first time)
Fra:28 Mem:14.75M (Peak 15.92M) | Time:00:00.00 | Mem:0.00M, Peak:0.00M | Scene, ViewLayer | Updating Scene
Fra:28 Mem:14.75M (Peak 15.92M) | Time:00:00.00 | Mem:0.00M, Peak:0.00M | Scene, ViewLayer | Updating Shaders
Fra:28 Mem:14.84M (Peak 15.92M) | Time:00:00.00 | Mem:0.01M, Peak:0.01M | Scene, ViewLayer | Updating Procedurals
Fra:28 Mem:14.84M (Peak 15.92M) | Time:00:00.00 | Mem:0.01M, Peak:0.01M | Scene, ViewLayer | Updating Background
Fra:28 Mem:14.84M (Peak 15.92M) | Time:00:00.00 | Mem:0.01M, Peak:0.01M | Scene, ViewLayer | Updating Camera
Fra:28 Mem:14.84M (Peak 15.92M) | Time:00:00.00 | Mem:0.01M, Peak:0.01M | Scene, ViewLayer | Updating Meshes Flags
Fra:28 Mem:14.84M (Peak 15.92M) | Time:00:00.00 | Mem:0.01M, Peak:0.01M | Scene, ViewLayer | Updating Objects
Fra:28 Mem:14.84M (Peak 15.92M) | Time:00:00.00 | Mem:0.01M, Peak:0.01M | Scene, ViewLayer | Updating Objects | Copying Transformations to device
Fra:28 Mem:14.84M (Peak 15.92M) | Time:00:00.00 | Mem:0.01M, Peak:0.01M | Scene, ViewLayer | Updating Objects | Applying Static Transformations
Fra:28 Mem:14.84M (Peak 15.92M) | Time:00:00.00 | Mem:0.01M, Peak:0.01M | Scene, ViewLayer | Updating Particle Systems
Fra:28 Mem:14.84M (Peak 15.92M) | Time:00:00.00 | Mem:0.01M, Peak:0.01M | Scene, ViewLayer | Updating Particle Systems | Copying Particles to device
Fra:28 Mem:14.84M (Peak 15.92M) | Time:00:00.00 | Mem:0.01M, Peak:0.01M | Scene, ViewLayer | Updating Meshes
Fra:28 Mem:14.85M (Peak 15.92M) | Time:00:00.00 | Mem:0.01M, Peak:0.01M | Scene, ViewLayer | Updating Mesh | Computing attributes
Fra:28 Mem:14.85M (Peak 15.92M) | Time:00:00.00 | Mem:0.01M, Peak:0.01M | Scene, ViewLayer | Updating Mesh | Copying Attributes to device
Fra:28 Mem:14.85M (Peak 15.92M) | Time:00:00.00 | Mem:0.02M, Peak:0.02M | Scene, ViewLayer | Updating Scene BVH | Building
Fra:28 Mem:14.85M (Peak 15.92M) | Time:00:00.00 | Mem:0.02M, Peak:0.02M | Scene, ViewLayer | Updating Scene BVH | Building BVH
Fra:28 Mem:14.85M (Peak 15.92M) | Time:00:00.00 | Mem:0.03M, Peak:0.03M | Scene, ViewLayer | Updating Scene BVH | Building BVH 0%
Fra:28 Mem:14.85M (Peak 15.92M) | Time:00:00.00 | Mem:0.05M, Peak:0.07M | Scene, ViewLayer | Updating Scene BVH | Copying BVH to device
Fra:28 Mem:14.85M (Peak 15.92M) | Time:00:00.00 | Mem:0.05M, Peak:0.07M | Scene, ViewLayer | Updating Mesh | Computing normals
Fra:28 Mem:14.87M (Peak 15.92M) | Time:00:00.00 | Mem:0.05M, Peak:0.07M | Scene, ViewLayer | Updating Mesh | Copying Mesh to device
Fra:28 Mem:14.87M (Peak 15.92M) | Time:00:00.00 | Mem:0.07M, Peak:0.07M | Scene, ViewLayer | Updating Objects Flags
Fra:28 Mem:14.87M (Peak 15.92M) | Time:00:00.00 | Mem:0.07M, Peak:0.07M | Scene, ViewLayer | Updating Primitive Offsets
Fra:28 Mem:14.87M (Peak 15.92M) | Time:00:00.00 | Mem:0.07M, Peak:0.07M | Scene, ViewLayer | Updating Images
Fra:28 Mem:14.87M (Peak 15.92M) | Time:00:00.00 | Mem:0.07M, Peak:0.07M | Scene, ViewLayer | Updating Camera Volume
Fra:28 Mem:14.87M (Peak 15.92M) | Time:00:00.00 | Mem:0.07M, Peak:0.07M | Scene, ViewLayer | Updating Lookup Tables
Fra:28 Mem:14.87M (Peak 15.92M) | Time:00:00.00 | Mem:0.15M, Peak:0.15M | Scene, ViewLayer | Updating Lights
Fra:28 Mem:14.87M (Peak 15.92M) | Time:00:00.00 | Mem:0.15M, Peak:0.15M | Scene, ViewLayer | Updating Lights | Computing tree
Fra:28 Mem:14.87M (Peak 15.92M) | Time:00:00.00 | Mem:0.15M, Peak:0.15M | Scene, ViewLayer | Updating Integrator
Fra:28 Mem:14.87M (Peak 15.92M) | Time:00:00.00 | Mem:0.15M, Peak:0.15M | Scene, ViewLayer | Updating Film
Fra:28 Mem:14.88M (Peak 15.92M) | Time:00:00.00 | Mem:0.07M, Peak:0.15M | Scene, ViewLayer | Updating Lookup Tables
Fra:28 Mem:14.88M (Peak 15.92M) | Time:00:00.00 | Mem:0.16M, Peak:0.16M | Scene, ViewLayer | Updating Baking
Fra:28 Mem:14.88M (Peak 15.92M) | Time:00:00.00 | Mem:0.16M, Peak:0.16M | Scene, ViewLayer | Updating Device | Writing constant memory
Fra:28 Mem:14.88M (Peak 15.92M) | Time:00:00.00 | Mem:0.16M, Peak:0.16M | Scene, ViewLayer | Loading denoising kernels (may take a few minutes the first time)
Fra:28 Mem:14.88M (Peak 15.92M) | Time:00:00.00 | Mem:0.16M, Peak:0.16M | Scene, ViewLayer | Sample 0/8
Fra:28 Mem:31.77M (Peak 31.77M) | Time:00:00.06 | Remaining:00:00.40 | Mem:16.86M, Peak:16.86M | Scene, ViewLayer | Sample 1/8
Fra:28 Mem:38.80M (Peak 49.35M) | Time:00:01.30 | Mem:16.86M, Peak:16.86M | Scene, ViewLayer | Sample 8/8
Fra:28 Mem:38.80M (Peak 49.35M) | Time:00:01.30 | Mem:16.86M, Peak:16.86M | Scene, ViewLayer | Finished
Saved: 'D:\projects\njin\src\games\sandtable\assets\characters\clay_people\generated\walk_frames\018.png'
Time: 00:01.33 (Saving: 00:00.02)

Fra:29 Mem:15.88M (Peak 15.88M) | Time:00:00.00 | Mem:0.00M, Peak:0.00M | Scene, ViewLayer | Synchronizing object | STUDIO_Ground
Fra:29 Mem:15.88M (Peak 15.88M) | Time:00:00.00 | Mem:0.00M, Peak:0.00M | Scene, ViewLayer | Synchronizing object | reference
Fra:29 Mem:15.92M (Peak 15.92M) | Time:00:00.00 | Mem:0.00M, Peak:0.00M | Scene, ViewLayer | Initializing
Fra:29 Mem:14.75M (Peak 15.92M) | Time:00:00.00 | Mem:0.00M, Peak:0.00M | Scene, ViewLayer | Waiting for render to start
Fra:29 Mem:14.75M (Peak 15.92M) | Time:00:00.00 | Mem:0.00M, Peak:0.00M | Scene, ViewLayer | Loading render kernels (may take a few minutes the first time)
Fra:29 Mem:14.75M (Peak 15.92M) | Time:00:00.00 | Mem:0.00M, Peak:0.00M | Scene, ViewLayer | Updating Scene
Fra:29 Mem:14.75M (Peak 15.92M) | Time:00:00.00 | Mem:0.00M, Peak:0.00M | Scene, ViewLayer | Updating Shaders
Fra:29 Mem:14.84M (Peak 15.92M) | Time:00:00.00 | Mem:0.01M, Peak:0.01M | Scene, ViewLayer | Updating Procedurals
Fra:29 Mem:14.84M (Peak 15.92M) | Time:00:00.00 | Mem:0.01M, Peak:0.01M | Scene, ViewLayer | Updating Background
Fra:29 Mem:14.84M (Peak 15.92M) | Time:00:00.00 | Mem:0.01M, Peak:0.01M | Scene, ViewLayer | Updating Camera
Fra:29 Mem:14.84M (Peak 15.92M) | Time:00:00.00 | Mem:0.01M, Peak:0.01M | Scene, ViewLayer | Updating Meshes Flags
Fra:29 Mem:14.84M (Peak 15.92M) | Time:00:00.00 | Mem:0.01M, Peak:0.01M | Scene, ViewLayer | Updating Objects
Fra:29 Mem:14.84M (Peak 15.92M) | Time:00:00.00 | Mem:0.01M, Peak:0.01M | Scene, ViewLayer | Updating Objects | Copying Transformations to device
Fra:29 Mem:14.84M (Peak 15.92M) | Time:00:00.00 | Mem:0.01M, Peak:0.01M | Scene, ViewLayer | Updating Objects | Applying Static Transformations
Fra:29 Mem:14.84M (Peak 15.92M) | Time:00:00.00 | Mem:0.01M, Peak:0.01M | Scene, ViewLayer | Updating Particle Systems
Fra:29 Mem:14.84M (Peak 15.92M) | Time:00:00.00 | Mem:0.01M, Peak:0.01M | Scene, ViewLayer | Updating Particle Systems | Copying Particles to device
Fra:29 Mem:14.84M (Peak 15.92M) | Time:00:00.00 | Mem:0.01M, Peak:0.01M | Scene, ViewLayer | Updating Meshes
Fra:29 Mem:14.85M (Peak 15.92M) | Time:00:00.00 | Mem:0.01M, Peak:0.01M | Scene, ViewLayer | Updating Mesh | Computing attributes
Fra:29 Mem:14.85M (Peak 15.92M) | Time:00:00.00 | Mem:0.01M, Peak:0.01M | Scene, ViewLayer | Updating Mesh | Copying Attributes to device
Fra:29 Mem:14.85M (Peak 15.92M) | Time:00:00.00 | Mem:0.02M, Peak:0.02M | Scene, ViewLayer | Updating Scene BVH | Building
Fra:29 Mem:14.85M (Peak 15.92M) | Time:00:00.00 | Mem:0.02M, Peak:0.02M | Scene, ViewLayer | Updating Scene BVH | Building BVH
Fra:29 Mem:14.85M (Peak 15.92M) | Time:00:00.00 | Mem:0.03M, Peak:0.03M | Scene, ViewLayer | Updating Scene BVH | Building BVH 0%
Fra:29 Mem:14.85M (Peak 15.92M) | Time:00:00.00 | Mem:0.05M, Peak:0.07M | Scene, ViewLayer | Updating Scene BVH | Copying BVH to device
Fra:29 Mem:14.85M (Peak 15.92M) | Time:00:00.00 | Mem:0.05M, Peak:0.07M | Scene, ViewLayer | Updating Mesh | Computing normals
Fra:29 Mem:14.87M (Peak 15.92M) | Time:00:00.00 | Mem:0.05M, Peak:0.07M | Scene, ViewLayer | Updating Mesh | Copying Mesh to device
Fra:29 Mem:14.87M (Peak 15.92M) | Time:00:00.00 | Mem:0.07M, Peak:0.07M | Scene, ViewLayer | Updating Objects Flags
Fra:29 Mem:14.87M (Peak 15.92M) | Time:00:00.00 | Mem:0.07M, Peak:0.07M | Scene, ViewLayer | Updating Primitive Offsets
Fra:29 Mem:14.87M (Peak 15.92M) | Time:00:00.00 | Mem:0.07M, Peak:0.07M | Scene, ViewLayer | Updating Images
Fra:29 Mem:14.87M (Peak 15.92M) | Time:00:00.00 | Mem:0.07M, Peak:0.07M | Scene, ViewLayer | Updating Camera Volume
Fra:29 Mem:14.87M (Peak 15.92M) | Time:00:00.00 | Mem:0.07M, Peak:0.07M | Scene, ViewLayer | Updating Lookup Tables
Fra:29 Mem:14.87M (Peak 15.92M) | Time:00:00.00 | Mem:0.15M, Peak:0.15M | Scene, ViewLayer | Updating Lights
Fra:29 Mem:14.87M (Peak 15.92M) | Time:00:00.00 | Mem:0.15M, Peak:0.15M | Scene, ViewLayer | Updating Lights | Computing tree
Fra:29 Mem:14.87M (Peak 15.92M) | Time:00:00.00 | Mem:0.15M, Peak:0.15M | Scene, ViewLayer | Updating Integrator
Fra:29 Mem:14.87M (Peak 15.92M) | Time:00:00.00 | Mem:0.15M, Peak:0.15M | Scene, ViewLayer | Updating Film
Fra:29 Mem:14.88M (Peak 15.92M) | Time:00:00.00 | Mem:0.07M, Peak:0.15M | Scene, ViewLayer | Updating Lookup Tables
Fra:29 Mem:14.88M (Peak 15.92M) | Time:00:00.00 | Mem:0.16M, Peak:0.16M | Scene, ViewLayer | Updating Baking
Fra:29 Mem:14.88M (Peak 15.92M) | Time:00:00.00 | Mem:0.16M, Peak:0.16M | Scene, ViewLayer | Updating Device | Writing constant memory
Fra:29 Mem:14.88M (Peak 15.92M) | Time:00:00.00 | Mem:0.16M, Peak:0.16M | Scene, ViewLayer | Loading denoising kernels (may take a few minutes the first time)
Fra:29 Mem:14.88M (Peak 15.92M) | Time:00:00.00 | Mem:0.16M, Peak:0.16M | Scene, ViewLayer | Sample 0/8
Fra:29 Mem:31.77M (Peak 31.77M) | Time:00:00.06 | Remaining:00:00.39 | Mem:16.86M, Peak:16.86M | Scene, ViewLayer | Sample 1/8
Fra:29 Mem:38.80M (Peak 49.35M) | Time:00:01.40 | Mem:16.86M, Peak:16.86M | Scene, ViewLayer | Sample 8/8
Fra:29 Mem:38.80M (Peak 49.35M) | Time:00:01.40 | Mem:16.86M, Peak:16.86M | Scene, ViewLayer | Finished
Saved: 'D:\projects\njin\src\games\sandtable\assets\characters\clay_people\generated\walk_frames\019.png'
Time: 00:01.43 (Saving: 00:00.02)

MOTION_PREVIEW_COMPLETE

Blender quit
